dbname,countyID,stateID,countyName,altitude,GPAFract,barometricPressure,barometricPressureCV,countyTypeID,msa
movesdb20241112,1001,1,Autauga County,L,0,29.713,NULL,1,Montgomery; AL
movesdb20241112,1003,1,Baldwin County,L,0,29.956,NULL,1,Daphne-Fairhope-Foley; AL
movesdb20241112,1005,1,Barbour County,L,0,29.692,NULL,0,Non-MSA
movesdb20241112,1007,1,Bibb County,L,0,29.829,NULL,1,Birmingham-Hoover; AL
movesdb20241112,1009,1,Blount County,L,0,29.467,NULL,1,Birmingham-Hoover; AL
movesdb20241112,1011,1,Bullock County,L,0,29.728,NULL,0,Non-MSA
movesdb20241112,1013,1,Butler County,L,0,29.782,NULL,0,Non-MSA
movesdb20241112,1015,1,Calhoun County,L,0,29.42,NULL,1,Anniston-Oxford-Jacksonville; AL
movesdb20241112,1017,1,Chambers County,L,0,29.487,NULL,0,Non-MSA
movesdb20241112,1019,1,Cherokee County,L,0,29.408,NULL,0,Non-MSA
movesdb20241112,1021,1,Chilton County,L,0,29.595,NULL,1,Birmingham-Hoover; AL
movesdb20241112,1023,1,Choctaw County,L,0,29.779,NULL,0,Non-MSA
movesdb20241112,1025,1,Clarke County,L,0,29.827,NULL,0,Non-MSA
movesdb20241112,1027,1,Clay County,L,0,29.458,NULL,0,Non-MSA
movesdb20241112,1029,1,Cleburne County,L,0,29.421,NULL,0,Non-MSA
movesdb20241112,1031,1,Coffee County,L,0,29.677,NULL,0,Non-MSA
movesdb20241112,1033,1,Colbert County,L,0,29.572,NULL,1,Florence-Muscle Shoals; AL
movesdb20241112,1035,1,Conecuh County,L,0,29.804,NULL,0,Non-MSA
movesdb20241112,1037,1,Coosa County,L,0,29.497,NULL,0,Non-MSA
movesdb20241112,1039,1,Covington County,L,0,29.759,NULL,0,Non-MSA
movesdb20241112,1041,1,Crenshaw County,L,0,29.73,NULL,0,Non-MSA
movesdb20241112,1043,1,Cullman County,L,0,29.472,NULL,0,Non-MSA
movesdb20241112,1045,1,Dale County,L,0,29.723,NULL,0,Non-MSA
movesdb20241112,1047,1,Dallas County,L,0,29.76,NULL,0,Non-MSA
movesdb20241112,1049,1,DeKalb County,L,0,29.394,NULL,0,Non-MSA
movesdb20241112,1051,1,Elmore County,L,0,29.68,NULL,1,Montgomery; AL
movesdb20241112,1053,1,Escambia County,L,0,29.825,NULL,0,Non-MSA
movesdb20241112,1055,1,Etowah County,L,0,29.428,NULL,1,Gadsden; AL
movesdb20241112,1057,1,Fayette County,L,0,29.676,NULL,0,Non-MSA
movesdb20241112,1059,1,Franklin County,L,0,29.592,NULL,0,Non-MSA
movesdb20241112,1061,1,Geneva County,L,0,29.761,NULL,1,Dothan; AL
movesdb20241112,1063,1,Greene County,L,0,29.824,NULL,0,Non-MSA
movesdb20241112,1065,1,Hale County,L,0,29.83,NULL,1,Tuscaloosa; AL
movesdb20241112,1067,1,Henry County,L,0,29.724,NULL,1,Dothan; AL
movesdb20241112,1069,1,Houston County,L,0,29.714,NULL,1,Dothan; AL
movesdb20241112,1071,1,Jackson County,L,0,29.274,NULL,0,Non-MSA
movesdb20241112,1073,1,Jefferson County,L,0,29.532,NULL,1,Birmingham-Hoover; AL
movesdb20241112,1075,1,Lamar County,L,0,29.691,NULL,0,Non-MSA
movesdb20241112,1077,1,Lauderdale County,L,0,29.549,NULL,1,Florence-Muscle Shoals; AL
movesdb20241112,1079,1,Lawrence County,L,0,29.513,NULL,1,Decatur; AL
movesdb20241112,1081,1,Lee County,L,0,29.532,NULL,1,Auburn-Opelika; AL
movesdb20241112,1083,1,Limestone County,L,0,29.497,NULL,1,Huntsville; AL
movesdb20241112,1085,1,Lowndes County,L,0,29.786,NULL,1,Montgomery; AL
movesdb20241112,1087,1,Macon County,L,0,29.675,NULL,0,Non-MSA
movesdb20241112,1089,1,Madison County,L,0,29.479,NULL,1,Huntsville; AL
movesdb20241112,1091,1,Marengo County,L,0,29.791,NULL,0,Non-MSA
movesdb20241112,1093,1,Marion County,L,0,29.644,NULL,0,Non-MSA
movesdb20241112,1095,1,Marshall County,L,0,29.407,NULL,0,Non-MSA
movesdb20241112,1097,1,Mobile County,L,0,29.915,NULL,1,Mobile; AL
movesdb20241112,1099,1,Monroe County,L,0,29.803,NULL,0,Non-MSA
movesdb20241112,1101,1,Montgomery County,L,0,29.815,NULL,1,Montgomery; AL
movesdb20241112,1103,1,Morgan County,L,0,29.492,NULL,1,Decatur; AL
movesdb20241112,1105,1,Perry County,L,0,29.791,NULL,0,Non-MSA
movesdb20241112,1107,1,Pickens County,L,0,29.771,NULL,1,Tuscaloosa; AL
movesdb20241112,1109,1,Pike County,L,0,29.713,NULL,0,Non-MSA
movesdb20241112,1111,1,Randolph County,L,0,29.45,NULL,0,Non-MSA
movesdb20241112,1113,1,Russell County,L,0,29.601,NULL,1,Columbus; GA-AL
movesdb20241112,1115,1,St. Clair County,L,0,29.468,NULL,1,Birmingham-Hoover; AL
movesdb20241112,1117,1,Shelby County,L,0,29.492,NULL,1,Birmingham-Hoover; AL
movesdb20241112,1119,1,Sumter County,L,0,29.788,NULL,0,Non-MSA
movesdb20241112,1121,1,Talladega County,L,0,29.443,NULL,0,Non-MSA
movesdb20241112,1123,1,Tallapoosa County,L,0,29.539,NULL,0,Non-MSA
movesdb20241112,1125,1,Tuscaloosa County,L,0,29.878,NULL,1,Tuscaloosa; AL
movesdb20241112,1127,1,Walker County,L,0,29.598,NULL,1,Birmingham-Hoover; AL
movesdb20241112,1129,1,Washington County,L,0,29.862,NULL,0,Non-MSA
movesdb20241112,1131,1,Wilcox County,L,0,29.789,NULL,0,Non-MSA
movesdb20241112,1133,1,Winston County,L,0,29.556,NULL,0,Non-MSA
movesdb20241112,2013,2,Aleutians East Borough,L,1,29.604,NULL,0,Non-MSA
movesdb20241112,2016,2,Aleutians West Census Area,L,1,29.579,NULL,0,Non-MSA
movesdb20241112,2020,2,Anchorage Borough,L,1,29.681,NULL,1,"Anchorage, AK Metropolitan Statistical Area"
movesdb20241112,2050,2,Bethel Census Area,L,1,29.611,NULL,0,Non-MSA
movesdb20241112,2060,2,Bristol Bay Borough,L,1,29.681,NULL,0,Non-MSA
movesdb20241112,2068,2,Denali Borough,L,1,29.187,NULL,0,Non-MSA
movesdb20241112,2070,2,Dillingham Census Area,L,1,29.636,NULL,0,Non-MSA
movesdb20241112,2090,2,Fairbanks North Star Borough,L,1,29.346,NULL,1,"Fairbanks, AK Metropolitan Statistical Area"
movesdb20241112,2100,2,Haines Borough,L,1,29.916,NULL,0,Non-MSA
movesdb20241112,2110,2,Juneau Borough,L,1,29.904,NULL,0,Non-MSA
movesdb20241112,2122,2,Kenai Peninsula Borough,L,1,29.703,NULL,0,Non-MSA
movesdb20241112,2130,2,Ketchikan Gateway Borough,L,1,29.882,NULL,0,Non-MSA
movesdb20241112,2150,2,Kodiak Island Borough,L,1,29.656,NULL,0,Non-MSA
movesdb20241112,2164,2,Lake and Peninsula Borough,L,1,29.689,NULL,0,Non-MSA
movesdb20241112,2170,2,Matanuska-Susitna Borough,L,1,29.513,NULL,1,"Anchorage, AK Metropolitan Statistical Area"
movesdb20241112,2180,2,Nome Census Area,L,1,29.766,NULL,0,Non-MSA
movesdb20241112,2185,2,North Slope Borough,L,1,29.883,NULL,0,Non-MSA
movesdb20241112,2188,2,Northwest Arctic Borough,L,1,29.787,NULL,0,Non-MSA
movesdb20241112,2201,2,Prince of Wales-Outer Ketchikan Census Area,L,1,29.879,NULL,0,Non-MSA
movesdb20241112,2220,2,Sitka Borough,L,1,29.87,NULL,0,Non-MSA
movesdb20241112,2232,2,Skagway-Hoonah-Angoon Census Area,L,1,29.89,NULL,0,Non-MSA
movesdb20241112,2240,2,Southeast Fairbanks Census Area,L,1,28.506,NULL,0,Non-MSA
movesdb20241112,2261,2,Valdez-Cordova Census Area,L,1,28.643,NULL,0,Non-MSA
movesdb20241112,2270,2,Wade Hampton Census Area,L,1,29.672,NULL,0,Non-MSA
movesdb20241112,2280,2,Wrangell-Petersburg Census Area,L,1,29.881,NULL,0,Non-MSA
movesdb20241112,2282,2,Yakutat Borough,L,1,29.766,NULL,0,Non-MSA
movesdb20241112,2290,2,Yukon-Koyukuk Census Area,L,1,29.594,NULL,0,Non-MSA
movesdb20241112,4001,4,Apache County,L,1,24.009,NULL,0,Non-MSA
movesdb20241112,4003,4,Cochise County,L,0,26.528,NULL,1,Sierra Vista-Douglas; AZ
movesdb20241112,4005,4,Coconino County,L,1,24.108,NULL,1,Flagstaff; AZ
movesdb20241112,4007,4,Gila County,L,1,26.8,NULL,0,Non-MSA
movesdb20241112,4009,4,Graham County,L,0,26.616,NULL,0,Non-MSA
movesdb20241112,4011,4,Greenlee County,L,1,26.373,NULL,0,Non-MSA
movesdb20241112,4012,4,La Paz County,L,0,28.579,NULL,0,Non-MSA
movesdb20241112,4013,4,Maricopa County,L,0,28.342,NULL,1,Phoenix-Mesa-Scottsdale; AZ
movesdb20241112,4015,4,Mohave County,L,0,26.997,NULL,1,Lake Havasu City-Kingman; AZ
movesdb20241112,4017,4,Navajo County,L,1,24.657,NULL,0,Non-MSA
movesdb20241112,4019,4,Pima County,L,0,27.249,NULL,1,Tucson; AZ
movesdb20241112,4021,4,Pinal County,L,0,28.419,NULL,1,Phoenix-Mesa-Scottsdale; AZ
movesdb20241112,4023,4,Santa Cruz County,L,0,26.537,NULL,0,Non-MSA
movesdb20241112,4025,4,Yavapai County,L,0,24.986,NULL,1,Prescott; AZ
movesdb20241112,4027,4,Yuma County,L,0,27.486,NULL,1,Yuma; AZ
movesdb20241112,5001,5,Arkansas County,L,0,29.819,NULL,0,Non-MSA
movesdb20241112,5003,5,Ashley County,L,0,29.797,NULL,0,Non-MSA
movesdb20241112,5005,5,Baxter County,L,0,29.064,NULL,0,Non-MSA
movesdb20241112,5007,5,Benton County,L,0,28.764,NULL,1,Fayetteville-Springdale-Rogers; AR-MO
movesdb20241112,5009,5,Boone County,L,0,28.638,NULL,0,Non-MSA
movesdb20241112,5011,5,Bradley County,L,0,29.752,NULL,0,Non-MSA
movesdb20241112,5013,5,Calhoun County,L,0,29.743,NULL,0,Non-MSA
movesdb20241112,5015,5,Carroll County,L,0,28.758,NULL,0,Non-MSA
movesdb20241112,5017,5,Chicot County,L,0,29.794,NULL,0,Non-MSA
movesdb20241112,5019,5,Clark County,L,0,29.459,NULL,0,Non-MSA
movesdb20241112,5021,5,Clay County,L,0,29.667,NULL,0,Non-MSA
movesdb20241112,5023,5,Cleburne County,L,0,29.235,NULL,0,Non-MSA
movesdb20241112,5025,5,Cleveland County,L,0,29.746,NULL,1,Pine Bluff; AR
movesdb20241112,5027,5,Columbia County,L,0,29.673,NULL,0,Non-MSA
movesdb20241112,5029,5,Conway County,L,0,29.298,NULL,0,Non-MSA
movesdb20241112,5031,5,Craighead County,L,0,29.665,NULL,1,Jonesboro; AR
movesdb20241112,5033,5,Crawford County,L,0,29.286,NULL,1,Fort Smith; AR-OK
movesdb20241112,5035,5,Crittenden County,L,0,29.768,NULL,1,Memphis; TN-MS-AR
movesdb20241112,5037,5,Cross County,L,0,29.709,NULL,0,Non-MSA
movesdb20241112,5039,5,Dallas County,L,0,29.661,NULL,0,Non-MSA
movesdb20241112,5041,5,Desha County,L,0,29.823,NULL,0,Non-MSA
movesdb20241112,5043,5,Drew County,L,0,29.795,NULL,0,Non-MSA
movesdb20241112,5045,5,Faulkner County,L,0,29.433,NULL,1,Little Rock-North Little Rock-Conway; AR
movesdb20241112,5047,5,Franklin County,L,0,29.236,NULL,0,Non-MSA
movesdb20241112,5049,5,Fulton County,L,0,28.894,NULL,0,Non-MSA
movesdb20241112,5051,5,Garland County,L,0,29.429,NULL,1,Hot Springs; AR
movesdb20241112,5053,5,Grant County,L,0,29.657,NULL,1,Little Rock-North Little Rock-Conway; AR
movesdb20241112,5055,5,Greene County,L,0,29.603,NULL,0,Non-MSA
movesdb20241112,5057,5,Hempstead County,L,0,29.594,NULL,0,Non-MSA
movesdb20241112,5059,5,Hot Spring County,L,0,29.517,NULL,0,Non-MSA
movesdb20241112,5061,5,Howard County,L,0,29.611,NULL,0,Non-MSA
movesdb20241112,5063,5,Independence County,L,0,29.254,NULL,0,Non-MSA
movesdb20241112,5065,5,Izard County,L,0,29.064,NULL,0,Non-MSA
movesdb20241112,5067,5,Jackson County,L,0,29.466,NULL,0,Non-MSA
movesdb20241112,5069,5,Jefferson County,L,0,29.767,NULL,1,Pine Bluff; AR
movesdb20241112,5071,5,Johnson County,L,0,29.104,NULL,0,Non-MSA
movesdb20241112,5073,5,Lafayette County,L,0,29.647,NULL,0,Non-MSA
movesdb20241112,5075,5,Lawrence County,L,0,29.294,NULL,0,Non-MSA
movesdb20241112,5077,5,Lee County,L,0,29.711,NULL,0,Non-MSA
movesdb20241112,5079,5,Lincoln County,L,0,29.832,NULL,1,Pine Bluff; AR
movesdb20241112,5081,5,Little River County,L,0,29.62,NULL,1,Texarkana; TX-AR
movesdb20241112,5083,5,Logan County,L,0,29.355,NULL,0,Non-MSA
movesdb20241112,5085,5,Lonoke County,L,0,29.701,NULL,1,Little Rock-North Little Rock-Conway; AR
movesdb20241112,5087,5,Madison County,L,0,28.769,NULL,1,Fayetteville-Springdale-Rogers; AR-MO
movesdb20241112,5089,5,Marion County,L,0,28.874,NULL,0,Non-MSA
movesdb20241112,5091,5,Miller County,L,0,29.637,NULL,1,Texarkana; TX-AR
movesdb20241112,5093,5,Mississippi County,L,0,29.711,NULL,0,Non-MSA
movesdb20241112,5095,5,Monroe County,L,0,29.728,NULL,0,Non-MSA
movesdb20241112,5097,5,Montgomery County,L,0,29.372,NULL,0,Non-MSA
movesdb20241112,5099,5,Nevada County,L,0,29.579,NULL,0,Non-MSA
movesdb20241112,5101,5,Newton County,L,0,28.694,NULL,0,Non-MSA
movesdb20241112,5103,5,Ouachita County,L,0,29.716,NULL,0,Non-MSA
movesdb20241112,5105,5,Perry County,L,0,29.47,NULL,1,Little Rock-North Little Rock-Conway; AR
movesdb20241112,5107,5,Phillips County,L,0,29.757,NULL,0,Non-MSA
movesdb20241112,5109,5,Pike County,L,0,29.415,NULL,0,Non-MSA
movesdb20241112,5111,5,Poinsett County,L,0,29.751,NULL,1,Jonesboro; AR
movesdb20241112,5113,5,Polk County,L,0,29.519,NULL,0,Non-MSA
movesdb20241112,5115,5,Pope County,L,0,29.12,NULL,0,Non-MSA
movesdb20241112,5117,5,Prairie County,L,0,29.742,NULL,0,Non-MSA
movesdb20241112,5119,5,Pulaski County,L,0,29.658,NULL,1,Little Rock-North Little Rock-Conway; AR
movesdb20241112,5121,5,Randolph County,L,0,29.215,NULL,0,Non-MSA
movesdb20241112,5123,5,St. Francis County,L,0,29.709,NULL,0,Non-MSA
movesdb20241112,5125,5,Saline County,L,0,29.592,NULL,1,Little Rock-North Little Rock-Conway; AR
movesdb20241112,5127,5,Scott County,L,0,29.472,NULL,0,Non-MSA
movesdb20241112,5129,5,Searcy County,L,0,28.914,NULL,0,Non-MSA
movesdb20241112,5131,5,Sebastian County,L,0,29.49,NULL,1,Fort Smith; AR-OK
movesdb20241112,5133,5,Sevier County,L,0,29.674,NULL,0,Non-MSA
movesdb20241112,5135,5,Sharp County,L,0,28.964,NULL,0,Non-MSA
movesdb20241112,5137,5,Stone County,L,0,29.082,NULL,0,Non-MSA
movesdb20241112,5139,5,Union County,L,0,29.787,NULL,0,Non-MSA
movesdb20241112,5141,5,Van Buren County,L,0,29.155,NULL,0,Non-MSA
movesdb20241112,5143,5,Washington County,L,0,28.739,NULL,1,Fayetteville-Springdale-Rogers; AR-MO
movesdb20241112,5145,5,White County,L,0,29.445,NULL,0,Non-MSA
movesdb20241112,5147,5,Woodruff County,L,0,29.611,NULL,0,Non-MSA
movesdb20241112,5149,5,Yell County,L,0,29.318,NULL,0,Non-MSA
movesdb20241112,6001,6,Alameda County,L,0,29.955,NULL,1,San Francisco-Oakland-Hayward; CA
movesdb20241112,6003,6,Alpine County,L,0,26.583,NULL,0,Non-MSA
movesdb20241112,6005,6,Amador County,L,0,28.771,NULL,0,Non-MSA
movesdb20241112,6007,6,Butte County,L,0,29.185,NULL,1,Chico; CA
movesdb20241112,6009,6,Calaveras County,L,0,29.393,NULL,0,Non-MSA
movesdb20241112,6011,6,Colusa County,L,0,29.397,NULL,0,Non-MSA
movesdb20241112,6013,6,Contra Costa County,L,0,29.932,NULL,1,San Francisco-Oakland-Hayward; CA
movesdb20241112,6015,6,Del Norte County,L,0,29.633,NULL,0,Non-MSA
movesdb20241112,6017,6,El Dorado County,L,0,27.243,NULL,1,Sacramento--Roseville--Arden-Arcade; CA
movesdb20241112,6019,6,Fresno County,L,0,29.679,NULL,1,Fresno; CA
movesdb20241112,6021,6,Glenn County,L,0,29.625,NULL,0,Non-MSA
movesdb20241112,6023,6,Humboldt County,L,0,29.751,NULL,0,Non-MSA
movesdb20241112,6025,6,Imperial County,L,0,26.076,NULL,1,El Centro; CA
movesdb20241112,6027,6,Inyo County,L,0,26.656,NULL,0,Non-MSA
movesdb20241112,6029,6,Kern County,L,0,29.049,NULL,1,Bakersfield; CA
movesdb20241112,6031,6,Kings County,L,0,29.509,NULL,1,Hanford-Corcoran; CA
movesdb20241112,6033,6,Lake County,L,0,29.478,NULL,0,Non-MSA
movesdb20241112,6035,6,Lassen County,L,0,26.694,NULL,0,Non-MSA
movesdb20241112,6037,6,Los Angeles County,L,0,29.296,NULL,1,Los Angeles-Long Beach-Anaheim; CA
movesdb20241112,6039,6,Madera County,L,0,29.677,NULL,1,Madera; CA
movesdb20241112,6041,6,Marin County,L,0,29.885,NULL,1,San Francisco-Oakland-Hayward; CA
movesdb20241112,6043,6,Mariposa County,L,0,29.341,NULL,0,Non-MSA
movesdb20241112,6045,6,Mendocino County,L,0,29.346,NULL,0,Non-MSA
movesdb20241112,6047,6,Merced County,L,0,29.88,NULL,1,Merced; CA
movesdb20241112,6049,6,Modoc County,L,0,26.031,NULL,0,Non-MSA
movesdb20241112,6051,6,Mono County,L,0,27.172,NULL,0,Non-MSA
movesdb20241112,6053,6,Monterey County,L,0,29.877,NULL,1,Salinas; CA
movesdb20241112,6055,6,Napa County,L,0,29.875,NULL,1,Napa; CA
movesdb20241112,6057,6,Nevada County,L,0,26.805,NULL,0,Non-MSA
movesdb20241112,6059,6,Orange County,L,0,29.823,NULL,1,Los Angeles-Long Beach-Anaheim; CA
movesdb20241112,6061,6,Placer County,L,0,27.957,NULL,1,Sacramento--Roseville--Arden-Arcade; CA
movesdb20241112,6063,6,Plumas County,L,0,27.441,NULL,0,Non-MSA
movesdb20241112,6065,6,Riverside County,L,0,29.096,NULL,1,Riverside-San Bernardino-Ontario; CA
movesdb20241112,6067,6,Sacramento County,L,0,29.845,NULL,1,Sacramento--Roseville--Arden-Arcade; CA
movesdb20241112,6069,6,San Benito County,L,0,29.901,NULL,1,San Jose-Sunnyvale-Santa Clara; CA
movesdb20241112,6071,6,San Bernardino County,L,0,28.351,NULL,1,Riverside-San Bernardino-Ontario; CA
movesdb20241112,6073,6,San Diego County,L,0,29.393,NULL,1,San Diego-Carlsbad; CA
movesdb20241112,6075,6,San Francisco County,L,0,29.944,NULL,1,San Francisco-Oakland-Hayward; CA
movesdb20241112,6077,6,San Joaquin County,L,0,29.902,NULL,1,Stockton-Lodi; CA
movesdb20241112,6079,6,San Luis Obispo County,L,0,29.399,NULL,1,San Luis Obispo-Paso Robles-Arroyo Grande; CA
movesdb20241112,6081,6,San Mateo County,L,0,29.956,NULL,1,San Francisco-Oakland-Hayward; CA
movesdb20241112,6083,6,Santa Barbara County,L,0,29.786,NULL,1,Santa Maria-Santa Barbara; CA
movesdb20241112,6085,6,Santa Clara County,L,0,29.953,NULL,1,San Jose-Sunnyvale-Santa Clara; CA
movesdb20241112,6087,6,Santa Cruz County,L,0,29.915,NULL,1,Santa Cruz-Watsonville; CA
movesdb20241112,6089,6,Shasta County,L,0,28.294,NULL,1,Redding; CA
movesdb20241112,6091,6,Sierra County,L,0,26.415,NULL,0,Non-MSA
movesdb20241112,6093,6,Siskiyou County,L,0,27.307,NULL,0,Non-MSA
movesdb20241112,6095,6,Solano County,L,0,29.885,NULL,1,Vallejo-Fairfield; CA
movesdb20241112,6097,6,Sonoma County,L,0,29.822,NULL,1,Santa Rosa; CA
movesdb20241112,6099,6,Stanislaus County,L,0,29.907,NULL,1,Modesto; CA
movesdb20241112,6101,6,Sutter County,L,0,29.723,NULL,1,Yuba City; CA
movesdb20241112,6103,6,Tehama County,L,0,29.62,NULL,0,Non-MSA
movesdb20241112,6105,6,Trinity County,L,0,28.619,NULL,0,Non-MSA
movesdb20241112,6107,6,Tulare County,L,0,29.359,NULL,1,Visalia-Porterville; CA
movesdb20241112,6109,6,Tuolumne County,L,0,28.941,NULL,0,Non-MSA
movesdb20241112,6111,6,Ventura County,L,0,29.632,NULL,1,Oxnard-Thousand Oaks-Ventura; CA
movesdb20241112,6113,6,Yolo County,L,0,29.682,NULL,1,Sacramento--Roseville--Arden-Arcade; CA
movesdb20241112,6115,6,Yuba County,L,0,29.715,NULL,1,Yuba City; CA
movesdb20241112,8001,8,Adams County,H,1,24.106,NULL,1,Denver-Aurora-Lakewood; CO
movesdb20241112,8003,8,Alamosa County,H,1,23.065,NULL,0,Non-MSA
movesdb20241112,8005,8,Arapahoe County,H,1,24.24,NULL,1,Denver-Aurora-Lakewood; CO
movesdb20241112,8007,8,Archuleta County,H,1,23.581,NULL,0,Non-MSA
movesdb20241112,8009,8,Baca County,H,1,25.618,NULL,0,Non-MSA
movesdb20241112,8011,8,Bent County,H,1,25.732,NULL,0,Non-MSA
movesdb20241112,8013,8,Boulder County,H,1,23.679,NULL,1,Boulder; CO
movesdb20241112,8015,8,Chaffee County,H,1,22.218,NULL,0,Non-MSA
movesdb20241112,8017,8,Cheyenne County,H,1,25.651,NULL,0,Non-MSA
movesdb20241112,8019,8,Clear Creek County,H,1,22.756,NULL,1,Denver-Aurora-Lakewood; CO
movesdb20241112,8021,8,Conejos County,H,1,23.113,NULL,0,Non-MSA
movesdb20241112,8023,8,Costilla County,H,1,22.802,NULL,0,Non-MSA
movesdb20241112,8025,8,Crowley County,H,1,25.094,NULL,0,Non-MSA
movesdb20241112,8027,8,Custer County,H,1,23.448,NULL,0,Non-MSA
movesdb20241112,8029,8,Delta County,H,1,24.691,NULL,0,Non-MSA
movesdb20241112,8031,8,Denver County,H,1,24.087,NULL,1,Denver-Aurora-Lakewood; CO
movesdb20241112,8033,8,Dolores County,H,1,24.463,NULL,0,Non-MSA
movesdb20241112,8035,8,Douglas County,H,1,24.167,NULL,1,Denver-Aurora-Lakewood; CO
movesdb20241112,8037,8,Eagle County,H,1,23.571,NULL,0,Non-MSA
movesdb20241112,8039,8,Elbert County,H,1,24.387,NULL,1,Denver-Aurora-Lakewood; CO
movesdb20241112,8041,8,El Paso County,H,1,23.933,NULL,1,Colorado Springs; CO
movesdb20241112,8043,8,Fremont County,H,1,23.633,NULL,0,Non-MSA
movesdb20241112,8045,8,Garfield County,H,1,24.379,NULL,0,Non-MSA
movesdb20241112,8047,8,Gilpin County,H,1,23.091,NULL,1,Denver-Aurora-Lakewood; CO
movesdb20241112,8049,8,Grand County,H,1,23.172,NULL,0,Non-MSA
movesdb20241112,8051,8,Gunnison County,H,1,23.536,NULL,0,Non-MSA
movesdb20241112,8053,8,Hinsdale County,H,1,23.983,NULL,0,Non-MSA
movesdb20241112,8055,8,Huerfano County,H,1,23.862,NULL,0,Non-MSA
movesdb20241112,8057,8,Jackson County,H,1,23.314,NULL,0,Non-MSA
movesdb20241112,8059,8,Jefferson County,H,1,23.719,NULL,1,Denver-Aurora-Lakewood; CO
movesdb20241112,8061,8,Kiowa County,H,1,25.786,NULL,0,Non-MSA
movesdb20241112,8063,8,Kit Carson County,H,1,25.609,NULL,0,Non-MSA
movesdb20241112,8065,8,Lake County,H,1,21.447,NULL,0,Non-MSA
movesdb20241112,8067,8,La Plata County,H,1,23.92,NULL,0,Non-MSA
movesdb20241112,8069,8,Larimer County,H,1,23.654,NULL,1,Fort Collins; CO
movesdb20241112,8071,8,Las Animas County,H,1,24.303,NULL,0,Non-MSA
movesdb20241112,8073,8,Lincoln County,H,1,24.694,NULL,0,Non-MSA
movesdb20241112,8075,8,Logan County,H,1,25.459,NULL,0,Non-MSA
movesdb20241112,8077,8,Mesa County,H,1,25.13,NULL,1,Grand Junction; CO
movesdb20241112,8079,8,Mineral County,H,1,23.78,NULL,0,Non-MSA
movesdb20241112,8081,8,Moffat County,H,1,23.966,NULL,0,Non-MSA
movesdb20241112,8083,8,Montezuma County,H,1,24.201,NULL,0,Non-MSA
movesdb20241112,8085,8,Montrose County,H,1,24.547,NULL,0,Non-MSA
movesdb20241112,8087,8,Morgan County,H,1,24.841,NULL,0,Non-MSA
movesdb20241112,8089,8,Otero County,H,1,25.404,NULL,0,Non-MSA
movesdb20241112,8091,8,Ouray County,H,1,24.384,NULL,0,Non-MSA
movesdb20241112,8093,8,Park County,H,1,21.762,NULL,1,Denver-Aurora-Lakewood; CO
movesdb20241112,8095,8,Phillips County,H,1,25.722,NULL,0,Non-MSA
movesdb20241112,8097,8,Pitkin County,H,1,23.467,NULL,0,Non-MSA
movesdb20241112,8099,8,Prowers County,H,1,26.236,NULL,0,Non-MSA
movesdb20241112,8101,8,Pueblo County,H,1,24.579,NULL,1,Pueblo; CO
movesdb20241112,8103,8,Rio Blanco County,H,1,24.213,NULL,0,Non-MSA
movesdb20241112,8105,8,Rio Grande County,H,1,23.246,NULL,0,Non-MSA
movesdb20241112,8107,8,Routt County,H,1,23.879,NULL,0,Non-MSA
movesdb20241112,8109,8,Saguache County,H,1,23.018,NULL,0,Non-MSA
movesdb20241112,8111,8,San Juan County,H,1,24.224,NULL,0,Non-MSA
movesdb20241112,8113,8,San Miguel County,H,1,24.529,NULL,0,Non-MSA
movesdb20241112,8115,8,Sedgwick County,H,1,25.744,NULL,0,Non-MSA
movesdb20241112,8117,8,Summit County,H,1,22.15,NULL,0,Non-MSA
movesdb20241112,8119,8,Teller County,H,1,23.73,NULL,1,Colorado Springs; CO
movesdb20241112,8121,8,Washington County,H,1,25.312,NULL,0,Non-MSA
movesdb20241112,8123,8,Weld County,H,1,23.898,NULL,1,Greeley; CO
movesdb20241112,8125,8,Yuma County,H,1,25.594,NULL,0,Non-MSA
movesdb20241112,9001,9,Fairfield County,L,0,29.59,NULL,1,Bridgeport-Stamford-Norwalk; CT
movesdb20241112,9003,9,Hartford County,L,0,29.689,NULL,1,Hartford-West Hartford-East Hartford; CT
movesdb20241112,9005,9,Litchfield County,L,0,29.59,NULL,0,Non-MSA
movesdb20241112,9007,9,Middlesex County,L,0,29.925,NULL,1,Hartford-West Hartford-East Hartford; CT
movesdb20241112,9009,9,New Haven County,L,0,29.809,NULL,1,New Haven-Milford; CT
movesdb20241112,9011,9,New London County,L,0,29.756,NULL,1,Norwich-New London; CT
movesdb20241112,9013,9,Tolland County,L,0,29.65,NULL,1,Hartford-West Hartford-East Hartford; CT
movesdb20241112,9015,9,Windham County,L,0,29.635,NULL,1,Worcester; MA-CT
movesdb20241112,10001,10,Kent County,L,0,29.962,NULL,1,Dover; DE
movesdb20241112,10003,10,New Castle County,L,0,29.854,NULL,1,Philadelphia-Camden-Wilmington; PA-NJ-DE-MD
movesdb20241112,10005,10,Sussex County,L,0,29.979,NULL,1,Salisbury; MD-DE
movesdb20241112,11001,11,District of Columbia,L,0,29.739,NULL,1,Washington-Arlington-Alexandria; DC-VA-MD-WV
movesdb20241112,12001,12,Alachua County,L,0,29.949,NULL,1,Gainesville; FL
movesdb20241112,12003,12,Baker County,L,0,29.973,NULL,1,Jacksonville; FL
movesdb20241112,12005,12,Bay County,L,0,30.001,NULL,1,Panama City; FL
movesdb20241112,12007,12,Bradford County,L,0,29.963,NULL,0,Non-MSA
movesdb20241112,12009,12,Brevard County,L,0,29.993,NULL,1,Palm Bay-Melbourne-Titusville; FL
movesdb20241112,12011,12,Broward County,L,0,30.035,NULL,1,Miami-Fort Lauderdale-West Palm Beach; FL
movesdb20241112,12013,12,Calhoun County,L,0,29.96,NULL,0,Non-MSA
movesdb20241112,12015,12,Charlotte County,L,0,29.997,NULL,1,Punta Gorda; FL
movesdb20241112,12017,12,Citrus County,L,0,29.984,NULL,1,Homosassa Springs; FL
movesdb20241112,12019,12,Clay County,L,0,29.993,NULL,1,Jacksonville; FL
movesdb20241112,12021,12,Collier County,L,0,30.026,NULL,1,Naples-Immokalee-Marco Island; FL
movesdb20241112,12023,12,Columbia County,L,0,29.946,NULL,0,Non-MSA
movesdb20241112,12027,12,DeSoto County,L,0,29.994,NULL,0,Non-MSA
movesdb20241112,12029,12,Dixie County,L,0,30.022,NULL,0,Non-MSA
movesdb20241112,12031,12,Duval County,L,0,30.032,NULL,1,Jacksonville; FL
movesdb20241112,12033,12,Escambia County,L,0,29.92,NULL,1,Pensacola-Ferry Pass-Brent; FL
movesdb20241112,12035,12,Flagler County,L,0,30.023,NULL,1,Deltona-Daytona Beach-Ormond Beach; FL
movesdb20241112,12037,12,Franklin County,L,0,30.014,NULL,0,Non-MSA
movesdb20241112,12039,12,Gadsden County,L,0,29.931,NULL,1,Tallahassee; FL
movesdb20241112,12041,12,Gilchrist County,L,0,29.989,NULL,1,Gainesville; FL
movesdb20241112,12043,12,Glades County,L,0,30.016,NULL,0,Non-MSA
movesdb20241112,12045,12,Gulf County,L,0,30.019,NULL,1,Panama City; FL
movesdb20241112,12047,12,Hamilton County,L,0,29.885,NULL,0,Non-MSA
movesdb20241112,12049,12,Hardee County,L,0,30.016,NULL,0,Non-MSA
movesdb20241112,12051,12,Hendry County,L,0,30.024,NULL,0,Non-MSA
movesdb20241112,12053,12,Hernando County,L,0,29.997,NULL,1,Tampa-St. Petersburg-Clearwater; FL
movesdb20241112,12055,12,Highlands County,L,0,29.991,NULL,1,Sebring; FL
movesdb20241112,12057,12,Hillsborough County,L,0,30.014,NULL,1,Tampa-St. Petersburg-Clearwater; FL
movesdb20241112,12059,12,Holmes County,L,0,29.852,NULL,0,Non-MSA
movesdb20241112,12061,12,Indian River County,L,0,30.017,NULL,1,Sebastian-Vero Beach; FL
movesdb20241112,12063,12,Jackson County,L,0,29.892,NULL,0,Non-MSA
movesdb20241112,12065,12,Jefferson County,L,0,29.947,NULL,1,Tallahassee; FL
movesdb20241112,12067,12,Lafayette County,L,0,30.012,NULL,0,Non-MSA
movesdb20241112,12069,12,Lake County,L,0,29.998,NULL,1,Orlando-Kissimmee-Sanford; FL
movesdb20241112,12071,12,Lee County,L,0,30.027,NULL,1,Cape Coral-Fort Myers; FL
movesdb20241112,12073,12,Leon County,L,0,29.98,NULL,1,Tallahassee; FL
movesdb20241112,12075,12,Levy County,L,0,29.995,NULL,0,Non-MSA
movesdb20241112,12077,12,Liberty County,L,0,29.976,NULL,0,Non-MSA
movesdb20241112,12079,12,Madison County,L,0,29.906,NULL,0,Non-MSA
movesdb20241112,12081,12,Manatee County,L,0,30.04,NULL,1,North Port-Sarasota-Bradenton; FL
movesdb20241112,12083,12,Marion County,L,0,29.94,NULL,1,Ocala; FL
movesdb20241112,12085,12,Martin County,L,0,30.008,NULL,1,Port St. Lucie; FL
movesdb20241112,12086,12,Miami-Dade County,L,0,29.967,NULL,1,Miami-Fort Lauderdale-West Palm Beach; FL
movesdb20241112,12087,12,Monroe County,L,0,30.027,NULL,0,Non-MSA
movesdb20241112,12089,12,Nassau County,L,0,30.004,NULL,1,Jacksonville; FL
movesdb20241112,12091,12,Okaloosa County,L,0,29.899,NULL,1,Crestview-Fort Walton Beach-Destin; FL
movesdb20241112,12093,12,Okeechobee County,L,0,30.011,NULL,0,Non-MSA
movesdb20241112,12095,12,Orange County,L,0,29.993,NULL,1,Orlando-Kissimmee-Sanford; FL
movesdb20241112,12097,12,Osceola County,L,0,29.97,NULL,1,Orlando-Kissimmee-Sanford; FL
movesdb20241112,12099,12,Palm Beach County,L,0,30.031,NULL,1,Miami-Fort Lauderdale-West Palm Beach; FL
movesdb20241112,12101,12,Pasco County,L,0,29.998,NULL,1,Tampa-St. Petersburg-Clearwater; FL
movesdb20241112,12103,12,Pinellas County,L,0,30.034,NULL,1,Tampa-St. Petersburg-Clearwater; FL
movesdb20241112,12105,12,Polk County,L,0,29.963,NULL,1,Lakeland-Winter Haven; FL
movesdb20241112,12107,12,Putnam County,L,0,29.961,NULL,0,Non-MSA
movesdb20241112,12109,12,St. Johns County,L,0,30.022,NULL,1,Jacksonville; FL
movesdb20241112,12111,12,St. Lucie County,L,0,30.026,NULL,1,Port St. Lucie; FL
movesdb20241112,12113,12,Santa Rosa County,L,0,29.904,NULL,1,Pensacola-Ferry Pass-Brent; FL
movesdb20241112,12115,12,Sarasota County,L,0,29.987,NULL,1,North Port-Sarasota-Bradenton; FL
movesdb20241112,12117,12,Seminole County,L,0,30.008,NULL,1,Orlando-Kissimmee-Sanford; FL
movesdb20241112,12119,12,Sumter County,L,0,29.981,NULL,1,The Villages; FL
movesdb20241112,12121,12,Suwannee County,L,0,29.948,NULL,0,Non-MSA
movesdb20241112,12123,12,Taylor County,L,0,30.005,NULL,0,Non-MSA
movesdb20241112,12125,12,Union County,L,0,29.947,NULL,0,Non-MSA
movesdb20241112,12127,12,Volusia County,L,0,30.059,NULL,1,Deltona-Daytona Beach-Ormond Beach; FL
movesdb20241112,12129,12,Wakulla County,L,0,29.994,NULL,1,Tallahassee; FL
movesdb20241112,12131,12,Walton County,L,0,29.877,NULL,1,Crestview-Fort Walton Beach-Destin; FL
movesdb20241112,12133,12,Washington County,L,0,29.892,NULL,0,Non-MSA
movesdb20241112,13001,13,Appling County,L,0,29.86,NULL,0,Non-MSA
movesdb20241112,13003,13,Atkinson County,L,0,29.869,NULL,0,Non-MSA
movesdb20241112,13005,13,Bacon County,L,0,29.871,NULL,0,Non-MSA
movesdb20241112,13007,13,Baker County,L,0,29.85,NULL,1,Albany; GA
movesdb20241112,13009,13,Baldwin County,L,0,29.363,NULL,0,Non-MSA
movesdb20241112,13011,13,Banks County,L,0,28.84,NULL,0,Non-MSA
movesdb20241112,13013,13,Barrow County,L,0,28.914,NULL,1,Atlanta-Sandy Springs-Roswell; GA
movesdb20241112,13015,13,Bartow County,L,0,29.302,NULL,1,Atlanta-Sandy Springs-Roswell; GA
movesdb20241112,13017,13,Ben Hill County,L,0,29.786,NULL,0,Non-MSA
movesdb20241112,13019,13,Berrien County,L,0,29.865,NULL,0,Non-MSA
movesdb20241112,13021,13,Bibb County,L,0,29.46,NULL,1,Macon-Bibb County; GA
movesdb20241112,13023,13,Bleckley County,L,0,29.703,NULL,0,Non-MSA
movesdb20241112,13025,13,Brantley County,L,0,29.912,NULL,1,Brunswick; GA
movesdb20241112,13027,13,Brooks County,L,0,29.885,NULL,1,Valdosta; GA
movesdb20241112,13029,13,Bryan County,L,0,30.006,NULL,1,Savannah; GA
movesdb20241112,13031,13,Bulloch County,L,0,29.858,NULL,0,Non-MSA
movesdb20241112,13033,13,Burke County,L,0,29.695,NULL,1,Augusta-Richmond County; GA-SC
movesdb20241112,13035,13,Butts County,L,0,29.116,NULL,1,Atlanta-Sandy Springs-Roswell; GA
movesdb20241112,13037,13,Calhoun County,L,0,29.782,NULL,0,Non-MSA
movesdb20241112,13039,13,Camden County,L,0,30,NULL,0,Non-MSA
movesdb20241112,13043,13,Candler County,L,0,29.798,NULL,0,Non-MSA
movesdb20241112,13045,13,Carroll County,L,0,29.351,NULL,1,Atlanta-Sandy Springs-Roswell; GA
movesdb20241112,13047,13,Catoosa County,L,0,29.361,NULL,1,Chattanooga; TN-GA
movesdb20241112,13049,13,Charlton County,L,0,29.956,NULL,0,Non-MSA
movesdb20241112,13051,13,Chatham County,L,0,30.035,NULL,1,Savannah; GA
movesdb20241112,13053,13,Chattahoochee County,L,0,29.615,NULL,1,Columbus; GA-AL
movesdb20241112,13055,13,Chattooga County,L,0,29.348,NULL,0,Non-MSA
movesdb20241112,13057,13,Cherokee County,L,0,29.281,NULL,1,Atlanta-Sandy Springs-Roswell; GA
movesdb20241112,13059,13,Clarke County,L,0,28.924,NULL,1,Athens-Clarke County; GA
movesdb20241112,13061,13,Clay County,L,0,29.728,NULL,0,Non-MSA
movesdb20241112,13063,13,Clayton County,L,0,29.141,NULL,1,Atlanta-Sandy Springs-Roswell; GA
movesdb20241112,13065,13,Clinch County,L,0,29.892,NULL,0,Non-MSA
movesdb20241112,13067,13,Cobb County,L,0,29.29,NULL,1,Atlanta-Sandy Springs-Roswell; GA
movesdb20241112,13069,13,Coffee County,L,0,29.844,NULL,0,Non-MSA
movesdb20241112,13071,13,Colquitt County,L,0,29.872,NULL,0,Non-MSA
movesdb20241112,13073,13,Columbia County,L,0,29.6,NULL,1,Augusta-Richmond County; GA-SC
movesdb20241112,13075,13,Cook County,L,0,29.869,NULL,0,Non-MSA
movesdb20241112,13077,13,Coweta County,L,0,29.262,NULL,1,Atlanta-Sandy Springs-Roswell; GA
movesdb20241112,13079,13,Crawford County,L,0,29.509,NULL,1,Macon-Bibb County; GA
movesdb20241112,13081,13,Crisp County,L,0,29.715,NULL,0,Non-MSA
movesdb20241112,13083,13,Dade County,L,0,29.22,NULL,1,Chattanooga; TN-GA
movesdb20241112,13085,13,Dawson County,L,0,29.082,NULL,1,Atlanta-Sandy Springs-Roswell; GA
movesdb20241112,13087,13,Decatur County,L,0,29.891,NULL,0,Non-MSA
movesdb20241112,13089,13,DeKalb County,L,0,29.139,NULL,1,Atlanta-Sandy Springs-Roswell; GA
movesdb20241112,13091,13,Dodge County,L,0,29.724,NULL,0,Non-MSA
movesdb20241112,13093,13,Dooly County,L,0,29.665,NULL,0,Non-MSA
movesdb20241112,13095,13,Dougherty County,L,0,29.843,NULL,1,Albany; GA
movesdb20241112,13097,13,Douglas County,L,0,29.254,NULL,1,Atlanta-Sandy Springs-Roswell; GA
movesdb20241112,13099,13,Early County,L,0,29.756,NULL,0,Non-MSA
movesdb20241112,13101,13,Echols County,L,0,29.884,NULL,1,Valdosta; GA
movesdb20241112,13103,13,Effingham County,L,0,29.996,NULL,1,Savannah; GA
movesdb20241112,13105,13,Elbert County,L,0,29.062,NULL,0,Non-MSA
movesdb20241112,13107,13,Emanuel County,L,0,29.686,NULL,0,Non-MSA
movesdb20241112,13109,13,Evans County,L,0,29.904,NULL,0,Non-MSA
movesdb20241112,13111,13,Fannin County,L,0,28.971,NULL,0,Non-MSA
movesdb20241112,13113,13,Fayette County,L,0,29.16,NULL,1,Atlanta-Sandy Springs-Roswell; GA
movesdb20241112,13115,13,Floyd County,L,0,29.336,NULL,1,Rome; GA
movesdb20241112,13117,13,Forsyth County,L,0,29.112,NULL,1,Atlanta-Sandy Springs-Roswell; GA
movesdb20241112,13119,13,Franklin County,L,0,28.951,NULL,0,Non-MSA
movesdb20241112,13121,13,Fulton County,L,0,29.177,NULL,1,Atlanta-Sandy Springs-Roswell; GA
movesdb20241112,13123,13,Gilmer County,L,0,29.048,NULL,0,Non-MSA
movesdb20241112,13125,13,Glascock County,L,0,29.496,NULL,0,Non-MSA
movesdb20241112,13127,13,Glynn County,L,0,30.028,NULL,1,Brunswick; GA
movesdb20241112,13129,13,Gordon County,L,0,29.283,NULL,0,Non-MSA
movesdb20241112,13131,13,Grady County,L,0,29.89,NULL,0,Non-MSA
movesdb20241112,13133,13,Greene County,L,0,29.236,NULL,0,Non-MSA
movesdb20241112,13135,13,Gwinnett County,L,0,29.122,NULL,1,Atlanta-Sandy Springs-Roswell; GA
movesdb20241112,13137,13,Habersham County,L,0,28.873,NULL,0,Non-MSA
movesdb20241112,13139,13,Hall County,L,0,28.937,NULL,1,Gainesville; GA
movesdb20241112,13141,13,Hancock County,L,0,29.344,NULL,0,Non-MSA
movesdb20241112,13143,13,Haralson County,L,0,29.375,NULL,1,Atlanta-Sandy Springs-Roswell; GA
movesdb20241112,13145,13,Harris County,L,0,29.499,NULL,1,Columbus; GA-AL
movesdb20241112,13147,13,Hart County,L,0,29.058,NULL,0,Non-MSA
movesdb20241112,13149,13,Heard County,L,0,29.389,NULL,1,Atlanta-Sandy Springs-Roswell; GA
movesdb20241112,13151,13,Henry County,L,0,29.071,NULL,1,Atlanta-Sandy Springs-Roswell; GA
movesdb20241112,13153,13,Houston County,L,0,29.643,NULL,1,Warner Robins; GA
movesdb20241112,13155,13,Irwin County,L,0,29.804,NULL,0,Non-MSA
movesdb20241112,13157,13,Jackson County,L,0,28.775,NULL,0,Non-MSA
movesdb20241112,13159,13,Jasper County,L,0,29.19,NULL,1,Atlanta-Sandy Springs-Roswell; GA
movesdb20241112,13161,13,Jeff Davis County,L,0,29.826,NULL,0,Non-MSA
movesdb20241112,13163,13,Jefferson County,L,0,29.577,NULL,0,Non-MSA
movesdb20241112,13165,13,Jenkins County,L,0,29.768,NULL,0,Non-MSA
movesdb20241112,13167,13,Johnson County,L,0,29.658,NULL,0,Non-MSA
movesdb20241112,13169,13,Jones County,L,0,29.404,NULL,1,Macon-Bibb County; GA
movesdb20241112,13171,13,Lamar County,L,0,29.189,NULL,1,Atlanta-Sandy Springs-Roswell; GA
movesdb20241112,13173,13,Lanier County,L,0,29.874,NULL,1,Valdosta; GA
movesdb20241112,13175,13,Laurens County,L,0,29.674,NULL,0,Non-MSA
movesdb20241112,13177,13,Lee County,L,0,29.78,NULL,1,Albany; GA
movesdb20241112,13179,13,Liberty County,L,0,29.988,NULL,1,Hinesville; GA
movesdb20241112,13181,13,Lincoln County,L,0,29.381,NULL,1,Augusta-Richmond County; GA-SC
movesdb20241112,13183,13,Long County,L,0,29.937,NULL,1,Hinesville; GA
movesdb20241112,13185,13,Lowndes County,L,0,29.895,NULL,1,Valdosta; GA
movesdb20241112,13187,13,Lumpkin County,L,0,28.97,NULL,0,Non-MSA
movesdb20241112,13189,13,McDuffie County,L,0,29.486,NULL,1,Augusta-Richmond County; GA-SC
movesdb20241112,13191,13,McIntosh County,L,0,30.01,NULL,1,Brunswick; GA
movesdb20241112,13193,13,Macon County,L,0,29.607,NULL,0,Non-MSA
movesdb20241112,13195,13,Madison County,L,0,28.891,NULL,1,Athens-Clarke County; GA
movesdb20241112,13197,13,Marion County,L,0,29.615,NULL,1,Columbus; GA-AL
movesdb20241112,13199,13,Meriwether County,L,0,29.279,NULL,1,Atlanta-Sandy Springs-Roswell; GA
movesdb20241112,13201,13,Miller County,L,0,29.815,NULL,0,Non-MSA
movesdb20241112,13205,13,Mitchell County,L,0,29.88,NULL,0,Non-MSA
movesdb20241112,13207,13,Monroe County,L,0,29.238,NULL,1,Macon-Bibb County; GA
movesdb20241112,13209,13,Montgomery County,L,0,29.763,NULL,0,Non-MSA
movesdb20241112,13211,13,Morgan County,L,0,29.176,NULL,1,Atlanta-Sandy Springs-Roswell; GA
movesdb20241112,13213,13,Murray County,L,0,29.164,NULL,1,Dalton; GA
movesdb20241112,13215,13,Muscogee County,L,0,29.572,NULL,1,Columbus; GA-AL
movesdb20241112,13217,13,Newton County,L,0,29.107,NULL,1,Atlanta-Sandy Springs-Roswell; GA
movesdb20241112,13219,13,Oconee County,L,0,28.988,NULL,1,Athens-Clarke County; GA
movesdb20241112,13221,13,Oglethorpe County,L,0,29.121,NULL,1,Athens-Clarke County; GA
movesdb20241112,13223,13,Paulding County,L,0,29.278,NULL,1,Atlanta-Sandy Springs-Roswell; GA
movesdb20241112,13225,13,Peach County,L,0,29.59,NULL,1,Warner Robins; GA
movesdb20241112,13227,13,Pickens County,L,0,29.143,NULL,1,Atlanta-Sandy Springs-Roswell; GA
movesdb20241112,13229,13,Pierce County,L,0,29.871,NULL,0,Non-MSA
movesdb20241112,13231,13,Pike County,L,0,29.228,NULL,1,Atlanta-Sandy Springs-Roswell; GA
movesdb20241112,13233,13,Polk County,L,0,29.332,NULL,0,Non-MSA
movesdb20241112,13235,13,Pulaski County,L,0,29.7,NULL,1,Warner Robins; GA
movesdb20241112,13237,13,Putnam County,L,0,29.237,NULL,0,Non-MSA
movesdb20241112,13239,13,Quitman County,L,0,29.708,NULL,0,Non-MSA
movesdb20241112,13241,13,Rabun County,L,0,28.889,NULL,0,Non-MSA
movesdb20241112,13243,13,Randolph County,L,0,29.722,NULL,0,Non-MSA
movesdb20241112,13245,13,Richmond County,L,0,29.648,NULL,1,Augusta-Richmond County; GA-SC
movesdb20241112,13247,13,Rockdale County,L,0,29.065,NULL,1,Atlanta-Sandy Springs-Roswell; GA
movesdb20241112,13249,13,Schley County,L,0,29.605,NULL,0,Non-MSA
movesdb20241112,13251,13,Screven County,L,0,29.831,NULL,0,Non-MSA
movesdb20241112,13253,13,Seminole County,L,0,29.834,NULL,0,Non-MSA
movesdb20241112,13255,13,Spalding County,L,0,29.173,NULL,1,Atlanta-Sandy Springs-Roswell; GA
movesdb20241112,13257,13,Stephens County,L,0,28.886,NULL,0,Non-MSA
movesdb20241112,13259,13,Stewart County,L,0,29.655,NULL,0,Non-MSA
movesdb20241112,13261,13,Sumter County,L,0,29.643,NULL,0,Non-MSA
movesdb20241112,13263,13,Talbot County,L,0,29.512,NULL,0,Non-MSA
movesdb20241112,13265,13,Taliaferro County,L,0,29.256,NULL,0,Non-MSA
movesdb20241112,13267,13,Tattnall County,L,0,29.86,NULL,0,Non-MSA
movesdb20241112,13269,13,Taylor County,L,0,29.531,NULL,0,Non-MSA
movesdb20241112,13271,13,Telfair County,L,0,29.767,NULL,0,Non-MSA
movesdb20241112,13273,13,Terrell County,L,0,29.731,NULL,1,Albany; GA
movesdb20241112,13275,13,Thomas County,L,0,29.901,NULL,0,Non-MSA
movesdb20241112,13277,13,Tift County,L,0,29.821,NULL,0,Non-MSA
movesdb20241112,13279,13,Toombs County,L,0,29.78,NULL,0,Non-MSA
movesdb20241112,13281,13,Towns County,L,0,28.98,NULL,0,Non-MSA
movesdb20241112,13283,13,Treutlen County,L,0,29.725,NULL,0,Non-MSA
movesdb20241112,13285,13,Troup County,L,0,29.436,NULL,0,Non-MSA
movesdb20241112,13287,13,Turner County,L,0,29.785,NULL,0,Non-MSA
movesdb20241112,13289,13,Twiggs County,L,0,29.629,NULL,1,Macon-Bibb County; GA
movesdb20241112,13291,13,Union County,L,0,29.031,NULL,0,Non-MSA
movesdb20241112,13293,13,Upson County,L,0,29.287,NULL,0,Non-MSA
movesdb20241112,13295,13,Walker County,L,0,29.35,NULL,1,Chattanooga; TN-GA
movesdb20241112,13297,13,Walton County,L,0,29.07,NULL,1,Atlanta-Sandy Springs-Roswell; GA
movesdb20241112,13299,13,Ware County,L,0,29.881,NULL,0,Non-MSA
movesdb20241112,13301,13,Warren County,L,0,29.391,NULL,0,Non-MSA
movesdb20241112,13303,13,Washington County,L,0,29.52,NULL,0,Non-MSA
movesdb20241112,13305,13,Wayne County,L,0,29.915,NULL,0,Non-MSA
movesdb20241112,13307,13,Webster County,L,0,29.637,NULL,0,Non-MSA
movesdb20241112,13309,13,Wheeler County,L,0,29.752,NULL,0,Non-MSA
movesdb20241112,13311,13,White County,L,0,28.938,NULL,0,Non-MSA
movesdb20241112,13313,13,Whitfield County,L,0,29.331,NULL,1,Dalton; GA
movesdb20241112,13315,13,Wilcox County,L,0,29.724,NULL,0,Non-MSA
movesdb20241112,13317,13,Wilkes County,L,0,29.28,NULL,0,Non-MSA
movesdb20241112,13319,13,Wilkinson County,L,0,29.526,NULL,0,Non-MSA
movesdb20241112,13321,13,Worth County,L,0,29.838,NULL,1,Albany; GA
movesdb20241112,15001,15,Hawaii County,L,0,29.952,NULL,0,Non-MSA
movesdb20241112,15003,15,Honolulu County,L,0,29.963,NULL,1,"Urban Honolulu, HI Metropolitan Statistical Area"
movesdb20241112,15005,15,Kalawao County,L,0,29.553,NULL,0,Non-MSA
movesdb20241112,15007,15,Kauai County,L,0,29.923,NULL,0,Non-MSA
movesdb20241112,15009,15,Maui County,L,0,29.739,NULL,1,"Kahului-Wailuku-Lahaina, HI Metropolitan Statistical Area"
movesdb20241112,16001,16,Ada County,L,1,26.879,NULL,1,Boise City; ID
movesdb20241112,16003,16,Adams County,L,1,25.754,NULL,0,Non-MSA
movesdb20241112,16005,16,Bannock County,L,1,25.462,NULL,1,Pocatello; ID
movesdb20241112,16007,16,Bear Lake County,L,1,24.664,NULL,0,Non-MSA
movesdb20241112,16009,16,Benewah County,L,1,27.242,NULL,0,Non-MSA
movesdb20241112,16011,16,Bingham County,L,1,25.264,NULL,0,Non-MSA
movesdb20241112,16013,16,Blaine County,L,1,25.001,NULL,0,Non-MSA
movesdb20241112,16015,16,Boise County,L,1,25.952,NULL,1,Boise City; ID
movesdb20241112,16017,16,Bonner County,L,1,27.008,NULL,0,Non-MSA
movesdb20241112,16019,16,Bonneville County,L,1,25.185,NULL,1,Idaho Falls; ID
movesdb20241112,16021,16,Boundary County,L,1,26.781,NULL,0,Non-MSA
movesdb20241112,16023,16,Butte County,L,1,24.978,NULL,1,Idaho Falls; ID
movesdb20241112,16025,16,Camas County,L,1,25.3,NULL,0,Non-MSA
movesdb20241112,16027,16,Canyon County,L,1,26.931,NULL,1,Boise City; ID
movesdb20241112,16029,16,Caribou County,L,1,25.197,NULL,0,Non-MSA
movesdb20241112,16031,16,Cassia County,L,1,25.795,NULL,0,Non-MSA
movesdb20241112,16033,16,Clark County,L,1,24.654,NULL,0,Non-MSA
movesdb20241112,16035,16,Clearwater County,L,1,25.844,NULL,0,Non-MSA
movesdb20241112,16037,16,Custer County,L,1,23.962,NULL,0,Non-MSA
movesdb20241112,16039,16,Elmore County,L,1,26.297,NULL,0,Non-MSA
movesdb20241112,16041,16,Franklin County,L,1,25.329,NULL,1,Logan; UT-ID
movesdb20241112,16043,16,Fremont County,L,1,24.349,NULL,0,Non-MSA
movesdb20241112,16045,16,Gem County,L,1,26.735,NULL,1,Boise City; ID
movesdb20241112,16047,16,Gooding County,L,1,25.75,NULL,0,Non-MSA
movesdb20241112,16049,16,Idaho County,L,1,26.566,NULL,0,Non-MSA
movesdb20241112,16051,16,Jefferson County,L,1,25.066,NULL,1,Idaho Falls; ID
movesdb20241112,16053,16,Jerome County,L,1,25.885,NULL,0,Non-MSA
movesdb20241112,16055,16,Kootenai County,L,1,27.573,NULL,1,Coeur d'Alene; ID
movesdb20241112,16057,16,Latah County,L,1,27.321,NULL,0,Non-MSA
movesdb20241112,16059,16,Lemhi County,L,1,24.975,NULL,0,Non-MSA
movesdb20241112,16061,16,Lewis County,L,1,27.603,NULL,0,Non-MSA
movesdb20241112,16063,16,Lincoln County,L,1,25.681,NULL,0,Non-MSA
movesdb20241112,16065,16,Madison County,L,1,25,NULL,0,Non-MSA
movesdb20241112,16067,16,Minidoka County,L,1,25.733,NULL,0,Non-MSA
movesdb20241112,16069,16,Nez Perce County,L,1,27.712,NULL,1,Lewiston; ID-WA
movesdb20241112,16071,16,Oneida County,L,1,25.351,NULL,0,Non-MSA
movesdb20241112,16073,16,Owyhee County,L,1,26.691,NULL,1,Boise City; ID
movesdb20241112,16075,16,Payette County,L,1,27.659,NULL,0,Non-MSA
movesdb20241112,16077,16,Power County,L,1,25.5,NULL,0,Non-MSA
movesdb20241112,16079,16,Shoshone County,L,1,25.745,NULL,0,Non-MSA
movesdb20241112,16081,16,Teton County,L,1,24.751,NULL,0,Non-MSA
movesdb20241112,16083,16,Twin Falls County,L,1,25.871,NULL,0,Non-MSA
movesdb20241112,16085,16,Valley County,L,1,25.068,NULL,0,Non-MSA
movesdb20241112,16087,16,Washington County,L,1,26.728,NULL,0,Non-MSA
movesdb20241112,17001,17,Adams County,L,0,29.211,NULL,0,Non-MSA
movesdb20241112,17003,17,Alexander County,L,0,29.715,NULL,1,Cape Girardeau; MO-IL
movesdb20241112,17005,17,Bond County,L,0,29.428,NULL,1,St. Louis; MO-IL
movesdb20241112,17007,17,Boone County,L,0,29.226,NULL,1,Rockford; IL
movesdb20241112,17009,17,Brown County,L,0,29.252,NULL,0,Non-MSA
movesdb20241112,17011,17,Bureau County,L,0,29.248,NULL,0,Non-MSA
movesdb20241112,17013,17,Calhoun County,L,0,29.258,NULL,1,St. Louis; MO-IL
movesdb20241112,17015,17,Carroll County,L,0,29.049,NULL,0,Non-MSA
movesdb20241112,17017,17,Cass County,L,0,29.312,NULL,0,Non-MSA
movesdb20241112,17019,17,Champaign County,L,0,29.258,NULL,1,Champaign-Urbana; IL
movesdb20241112,17021,17,Christian County,L,0,29.407,NULL,0,Non-MSA
movesdb20241112,17023,17,Clark County,L,0,29.337,NULL,0,Non-MSA
movesdb20241112,17025,17,Clay County,L,0,29.418,NULL,0,Non-MSA
movesdb20241112,17027,17,Clinton County,L,0,29.522,NULL,1,St. Louis; MO-IL
movesdb20241112,17029,17,Coles County,L,0,29.316,NULL,0,Non-MSA
movesdb20241112,17031,17,Cook County,L,0,29.303,NULL,1,Chicago-Naperville-Elgin; IL-IN-WI
movesdb20241112,17033,17,Crawford County,L,0,29.405,NULL,0,Non-MSA
movesdb20241112,17035,17,Cumberland County,L,0,29.305,NULL,0,Non-MSA
movesdb20241112,17037,17,DeKalb County,L,0,29.249,NULL,1,Chicago-Naperville-Elgin; IL-IN-WI
movesdb20241112,17039,17,De Witt County,L,0,29.301,NULL,1,Bloomington; IL
movesdb20241112,17041,17,Douglas County,L,0,29.292,NULL,0,Non-MSA
movesdb20241112,17043,17,DuPage County,L,0,29.269,NULL,1,Chicago-Naperville-Elgin; IL-IN-WI
movesdb20241112,17045,17,Edgar County,L,0,29.329,NULL,0,Non-MSA
movesdb20241112,17047,17,Edwards County,L,0,29.537,NULL,0,Non-MSA
movesdb20241112,17049,17,Effingham County,L,0,29.362,NULL,0,Non-MSA
movesdb20241112,17051,17,Fayette County,L,0,29.403,NULL,0,Non-MSA
movesdb20241112,17053,17,Ford County,L,0,29.272,NULL,1,Champaign-Urbana; IL
movesdb20241112,17055,17,Franklin County,L,0,29.573,NULL,0,Non-MSA
movesdb20241112,17057,17,Fulton County,L,0,29.298,NULL,0,Non-MSA
movesdb20241112,17059,17,Gallatin County,L,0,29.583,NULL,0,Non-MSA
movesdb20241112,17061,17,Greene County,L,0,29.31,NULL,0,Non-MSA
movesdb20241112,17063,17,Grundy County,L,0,29.276,NULL,1,Chicago-Naperville-Elgin; IL-IN-WI
movesdb20241112,17065,17,Hamilton County,L,0,29.553,NULL,0,Non-MSA
movesdb20241112,17067,17,Hancock County,L,0,29.29,NULL,0,Non-MSA
movesdb20241112,17069,17,Hardin County,L,0,29.615,NULL,0,Non-MSA
movesdb20241112,17071,17,Henderson County,L,0,29.285,NULL,0,Non-MSA
movesdb20241112,17073,17,Henry County,L,0,29.299,NULL,1,Davenport-Moline-Rock Island; IA-IL
movesdb20241112,17075,17,Iroquois County,L,0,29.305,NULL,0,Non-MSA
movesdb20241112,17077,17,Jackson County,L,0,29.61,NULL,1,Carbondale-Marion; IL
movesdb20241112,17079,17,Jasper County,L,0,29.367,NULL,0,Non-MSA
movesdb20241112,17081,17,Jefferson County,L,0,29.527,NULL,0,Non-MSA
movesdb20241112,17083,17,Jersey County,L,0,29.348,NULL,1,St. Louis; MO-IL
movesdb20241112,17085,17,Jo Daviess County,L,0,28.951,NULL,0,Non-MSA
movesdb20241112,17087,17,Johnson County,L,0,29.63,NULL,0,Non-MSA
movesdb20241112,17089,17,Kane County,L,0,29.26,NULL,1,Chicago-Naperville-Elgin; IL-IN-WI
movesdb20241112,17091,17,Kankakee County,L,0,29.285,NULL,1,Kankakee; IL
movesdb20241112,17093,17,Kendall County,L,0,29.248,NULL,1,Chicago-Naperville-Elgin; IL-IN-WI
movesdb20241112,17095,17,Knox County,L,0,29.345,NULL,0,Non-MSA
movesdb20241112,17097,17,Lake County,L,0,29.239,NULL,1,Chicago-Naperville-Elgin; IL-IN-WI
movesdb20241112,17099,17,La Salle County,L,0,29.272,NULL,0,Non-MSA
movesdb20241112,17101,17,Lawrence County,L,0,29.501,NULL,0,Non-MSA
movesdb20241112,17103,17,Lee County,L,0,29.219,NULL,0,Non-MSA
movesdb20241112,17105,17,Livingston County,L,0,29.302,NULL,0,Non-MSA
movesdb20241112,17107,17,Logan County,L,0,29.299,NULL,0,Non-MSA
movesdb20241112,17109,17,McDonough County,L,0,29.29,NULL,0,Non-MSA
movesdb20241112,17111,17,McHenry County,L,0,29.225,NULL,1,Chicago-Naperville-Elgin; IL-IN-WI
movesdb20241112,17113,17,McLean County,L,0,29.295,NULL,1,Bloomington; IL
movesdb20241112,17115,17,Macon County,L,0,29.325,NULL,1,Decatur; IL
movesdb20241112,17117,17,Macoupin County,L,0,29.349,NULL,1,St. Louis; MO-IL
movesdb20241112,17119,17,Madison County,L,0,29.306,NULL,1,St. Louis; MO-IL
movesdb20241112,17121,17,Marion County,L,0,29.486,NULL,0,Non-MSA
movesdb20241112,17123,17,Marshall County,L,0,29.273,NULL,1,Peoria; IL
movesdb20241112,17125,17,Mason County,L,0,29.301,NULL,0,Non-MSA
movesdb20241112,17127,17,Massac County,L,0,29.652,NULL,0,Non-MSA
movesdb20241112,17129,17,Menard County,L,0,29.321,NULL,1,Springfield; IL
movesdb20241112,17131,17,Mercer County,L,0,29.317,NULL,1,Davenport-Moline-Rock Island; IA-IL
movesdb20241112,17133,17,Monroe County,L,0,29.559,NULL,1,St. Louis; MO-IL
movesdb20241112,17135,17,Montgomery County,L,0,29.387,NULL,0,Non-MSA
movesdb20241112,17137,17,Morgan County,L,0,29.312,NULL,0,Non-MSA
movesdb20241112,17139,17,Moultrie County,L,0,29.326,NULL,0,Non-MSA
movesdb20241112,17141,17,Ogle County,L,0,29.231,NULL,0,Non-MSA
movesdb20241112,17143,17,Peoria County,L,0,29.294,NULL,1,Peoria; IL
movesdb20241112,17145,17,Perry County,L,0,29.571,NULL,0,Non-MSA
movesdb20241112,17147,17,Piatt County,L,0,29.288,NULL,1,Champaign-Urbana; IL
movesdb20241112,17149,17,Pike County,L,0,29.22,NULL,0,Non-MSA
movesdb20241112,17151,17,Pope County,L,0,29.641,NULL,0,Non-MSA
movesdb20241112,17153,17,Pulaski County,L,0,29.679,NULL,0,Non-MSA
movesdb20241112,17155,17,Putnam County,L,0,29.267,NULL,0,Non-MSA
movesdb20241112,17157,17,Randolph County,L,0,29.584,NULL,0,Non-MSA
movesdb20241112,17159,17,Richland County,L,0,29.47,NULL,0,Non-MSA
movesdb20241112,17161,17,Rock Island County,L,0,29.216,NULL,1,Davenport-Moline-Rock Island; IA-IL
movesdb20241112,17163,17,St. Clair County,L,0,29.444,NULL,1,St. Louis; MO-IL
movesdb20241112,17165,17,Saline County,L,0,29.601,NULL,0,Non-MSA
movesdb20241112,17167,17,Sangamon County,L,0,29.366,NULL,1,Springfield; IL
movesdb20241112,17169,17,Schuyler County,L,0,29.277,NULL,0,Non-MSA
movesdb20241112,17171,17,Scott County,L,0,29.249,NULL,0,Non-MSA
movesdb20241112,17173,17,Shelby County,L,0,29.337,NULL,0,Non-MSA
movesdb20241112,17175,17,Stark County,L,0,29.301,NULL,1,Peoria; IL
movesdb20241112,17177,17,Stephenson County,L,0,29.124,NULL,0,Non-MSA
movesdb20241112,17179,17,Tazewell County,L,0,29.279,NULL,1,Peoria; IL
movesdb20241112,17181,17,Union County,L,0,29.62,NULL,0,Non-MSA
movesdb20241112,17183,17,Vermilion County,L,0,29.288,NULL,1,Danville; IL
movesdb20241112,17185,17,Wabash County,L,0,29.564,NULL,0,Non-MSA
movesdb20241112,17187,17,Warren County,L,0,29.301,NULL,0,Non-MSA
movesdb20241112,17189,17,Washington County,L,0,29.489,NULL,0,Non-MSA
movesdb20241112,17191,17,Wayne County,L,0,29.493,NULL,0,Non-MSA
movesdb20241112,17193,17,White County,L,0,29.566,NULL,0,Non-MSA
movesdb20241112,17195,17,Whiteside County,L,0,29.149,NULL,0,Non-MSA
movesdb20241112,17197,17,Will County,L,0,29.232,NULL,1,Chicago-Naperville-Elgin; IL-IN-WI
movesdb20241112,17199,17,Williamson County,L,0,29.599,NULL,1,Carbondale-Marion; IL
movesdb20241112,17201,17,Winnebago County,L,0,29.233,NULL,1,Rockford; IL
movesdb20241112,17203,17,Woodford County,L,0,29.275,NULL,1,Peoria; IL
movesdb20241112,18001,18,Adams County,L,0,29.172,NULL,0,Non-MSA
movesdb20241112,18003,18,Allen County,L,0,29.198,NULL,1,Fort Wayne; IN
movesdb20241112,18005,18,Bartholomew County,L,0,29.197,NULL,1,Columbus; IN
movesdb20241112,18007,18,Benton County,L,0,29.322,NULL,1,Lafayette-West Lafayette; IN
movesdb20241112,18009,18,Blackford County,L,0,29.114,NULL,0,Non-MSA
movesdb20241112,18011,18,Boone County,L,0,29.35,NULL,1,Indianapolis-Carmel-Anderson; IN
movesdb20241112,18013,18,Brown County,L,0,29.197,NULL,1,Indianapolis-Carmel-Anderson; IN
movesdb20241112,18015,18,Carroll County,L,0,29.33,NULL,1,Lafayette-West Lafayette; IN
movesdb20241112,18017,18,Cass County,L,0,29.267,NULL,0,Non-MSA
movesdb20241112,18019,18,Clark County,L,0,29.471,NULL,1,Louisville/Jefferson County; KY-IN
movesdb20241112,18021,18,Clay County,L,0,29.395,NULL,1,Terre Haute; IN
movesdb20241112,18023,18,Clinton County,L,0,29.41,NULL,0,Non-MSA
movesdb20241112,18025,18,Crawford County,L,0,29.467,NULL,0,Non-MSA
movesdb20241112,18027,18,Daviess County,L,0,29.477,NULL,0,Non-MSA
movesdb20241112,18029,18,Dearborn County,L,0,29.219,NULL,1,Cincinnati; OH-KY-IN
movesdb20241112,18031,18,Decatur County,L,0,29.175,NULL,0,Non-MSA
movesdb20241112,18033,18,De Kalb County,L,0,29.173,NULL,0,Non-MSA
movesdb20241112,18035,18,Delaware County,L,0,29.054,NULL,1,Muncie; IN
movesdb20241112,18037,18,Dubois County,L,0,29.537,NULL,0,Non-MSA
movesdb20241112,18039,18,Elkhart County,L,0,29.211,NULL,1,Elkhart-Goshen; IN
movesdb20241112,18041,18,Fayette County,L,0,29.162,NULL,0,Non-MSA
movesdb20241112,18043,18,Floyd County,L,0,29.455,NULL,1,Louisville/Jefferson County; KY-IN
movesdb20241112,18045,18,Fountain County,L,0,29.331,NULL,0,Non-MSA
movesdb20241112,18047,18,Franklin County,L,0,29.185,NULL,0,Non-MSA
movesdb20241112,18049,18,Fulton County,L,0,29.224,NULL,0,Non-MSA
movesdb20241112,18051,18,Gibson County,L,0,29.59,NULL,0,Non-MSA
movesdb20241112,18053,18,Grant County,L,0,29.169,NULL,0,Non-MSA
movesdb20241112,18055,18,Greene County,L,0,29.402,NULL,0,Non-MSA
movesdb20241112,18057,18,Hamilton County,L,0,29.245,NULL,1,Indianapolis-Carmel-Anderson; IN
movesdb20241112,18059,18,Hancock County,L,0,29.192,NULL,1,Indianapolis-Carmel-Anderson; IN
movesdb20241112,18061,18,Harrison County,L,0,29.447,NULL,1,Louisville/Jefferson County; KY-IN
movesdb20241112,18063,18,Hendricks County,L,0,29.26,NULL,1,Indianapolis-Carmel-Anderson; IN
movesdb20241112,18065,18,Henry County,L,0,29.078,NULL,0,Non-MSA
movesdb20241112,18067,18,Howard County,L,0,29.276,NULL,1,Kokomo; IN
movesdb20241112,18069,18,Huntington County,L,0,29.18,NULL,0,Non-MSA
movesdb20241112,18071,18,Jackson County,L,0,29.211,NULL,0,Non-MSA
movesdb20241112,18073,18,Jasper County,L,0,29.262,NULL,1,Chicago-Naperville-Elgin; IL-IN-WI
movesdb20241112,18075,18,Jay County,L,0,29.087,NULL,0,Non-MSA
movesdb20241112,18077,18,Jefferson County,L,0,29.31,NULL,0,Non-MSA
movesdb20241112,18079,18,Jennings County,L,0,29.208,NULL,0,Non-MSA
movesdb20241112,18081,18,Johnson County,L,0,29.188,NULL,1,Indianapolis-Carmel-Anderson; IN
movesdb20241112,18083,18,Knox County,L,0,29.529,NULL,0,Non-MSA
movesdb20241112,18085,18,Kosciusko County,L,0,29.192,NULL,0,Non-MSA
movesdb20241112,18087,18,Lagrange County,L,0,29.174,NULL,0,Non-MSA
movesdb20241112,18089,18,Lake County,L,0,29.352,NULL,1,Chicago-Naperville-Elgin; IL-IN-WI
movesdb20241112,18091,18,La Porte County,L,0,29.273,NULL,1,Michigan City-La Porte; IN
movesdb20241112,18093,18,Lawrence County,L,0,29.253,NULL,0,Non-MSA
movesdb20241112,18095,18,Madison County,L,0,29.148,NULL,1,Indianapolis-Carmel-Anderson; IN
movesdb20241112,18097,18,Marion County,L,0,29.22,NULL,1,Indianapolis-Carmel-Anderson; IN
movesdb20241112,18099,18,Marshall County,L,0,29.211,NULL,0,Non-MSA
movesdb20241112,18101,18,Martin County,L,0,29.404,NULL,0,Non-MSA
movesdb20241112,18103,18,Miami County,L,0,29.225,NULL,0,Non-MSA
movesdb20241112,18105,18,Monroe County,L,0,29.192,NULL,1,Bloomington; IN
movesdb20241112,18107,18,Montgomery County,L,0,29.344,NULL,0,Non-MSA
movesdb20241112,18109,18,Morgan County,L,0,29.206,NULL,1,Indianapolis-Carmel-Anderson; IN
movesdb20241112,18111,18,Newton County,L,0,29.283,NULL,1,Chicago-Naperville-Elgin; IL-IN-WI
movesdb20241112,18113,18,Noble County,L,0,29.169,NULL,0,Non-MSA
movesdb20241112,18115,18,Ohio County,L,0,29.187,NULL,1,Cincinnati; OH-KY-IN
movesdb20241112,18117,18,Orange County,L,0,29.356,NULL,0,Non-MSA
movesdb20241112,18119,18,Owen County,L,0,29.334,NULL,1,Bloomington; IN
movesdb20241112,18121,18,Parke County,L,0,29.356,NULL,0,Non-MSA
movesdb20241112,18123,18,Perry County,L,0,29.522,NULL,0,Non-MSA
movesdb20241112,18125,18,Pike County,L,0,29.584,NULL,0,Non-MSA
movesdb20241112,18127,18,Porter County,L,0,29.301,NULL,1,Chicago-Naperville-Elgin; IL-IN-WI
movesdb20241112,18129,18,Posey County,L,0,29.583,NULL,1,Evansville; IN-KY
movesdb20241112,18131,18,Pulaski County,L,0,29.247,NULL,0,Non-MSA
movesdb20241112,18133,18,Putnam County,L,0,29.293,NULL,1,Indianapolis-Carmel-Anderson; IN
movesdb20241112,18135,18,Randolph County,L,0,29.044,NULL,0,Non-MSA
movesdb20241112,18137,18,Ripley County,L,0,29.198,NULL,0,Non-MSA
movesdb20241112,18139,18,Rush County,L,0,29.176,NULL,0,Non-MSA
movesdb20241112,18141,18,St. Joseph County,L,0,29.24,NULL,1,South Bend-Mishawaka; IN-MI
movesdb20241112,18143,18,Scott County,L,0,29.275,NULL,1,Louisville/Jefferson County; KY-IN
movesdb20241112,18145,18,Shelby County,L,0,29.185,NULL,1,Indianapolis-Carmel-Anderson; IN
movesdb20241112,18147,18,Spencer County,L,0,29.595,NULL,0,Non-MSA
movesdb20241112,18149,18,Starke County,L,0,29.254,NULL,0,Non-MSA
movesdb20241112,18151,18,Steuben County,L,0,29.143,NULL,0,Non-MSA
movesdb20241112,18153,18,Sullivan County,L,0,29.407,NULL,1,Terre Haute; IN
movesdb20241112,18155,18,Switzerland County,L,0,29.209,NULL,0,Non-MSA
movesdb20241112,18157,18,Tippecanoe County,L,0,29.357,NULL,1,Lafayette-West Lafayette; IN
movesdb20241112,18159,18,Tipton County,L,0,29.258,NULL,0,Non-MSA
movesdb20241112,18161,18,Union County,L,0,29.187,NULL,1,Cincinnati; OH-KY-IN
movesdb20241112,18163,18,Vanderburgh County,L,0,29.617,NULL,1,Evansville; IN-KY
movesdb20241112,18165,18,Vermillion County,L,0,29.332,NULL,1,Terre Haute; IN
movesdb20241112,18167,18,Vigo County,L,0,29.381,NULL,1,Terre Haute; IN
movesdb20241112,18169,18,Wabash County,L,0,29.194,NULL,0,Non-MSA
movesdb20241112,18171,18,Warren County,L,0,29.326,NULL,0,Non-MSA
movesdb20241112,18173,18,Warrick County,L,0,29.628,NULL,1,Evansville; IN-KY
movesdb20241112,18175,18,Washington County,L,0,29.319,NULL,1,Louisville/Jefferson County; KY-IN
movesdb20241112,18177,18,Wayne County,L,0,29.109,NULL,0,Non-MSA
movesdb20241112,18179,18,Wells County,L,0,29.176,NULL,1,Fort Wayne; IN
movesdb20241112,18181,18,White County,L,0,29.277,NULL,0,Non-MSA
movesdb20241112,18183,18,Whitley County,L,0,29.181,NULL,1,Fort Wayne; IN
movesdb20241112,19001,19,Adair County,L,0,28.928,NULL,0,Non-MSA
movesdb20241112,19003,19,Adams County,L,0,28.912,NULL,0,Non-MSA
movesdb20241112,19005,19,Allamakee County,L,0,29.172,NULL,0,Non-MSA
movesdb20241112,19007,19,Appanoose County,L,0,29.015,NULL,0,Non-MSA
movesdb20241112,19009,19,Audubon County,L,0,28.881,NULL,0,Non-MSA
movesdb20241112,19011,19,Benton County,L,0,29.052,NULL,1,Cedar Rapids; IA
movesdb20241112,19013,19,Black Hawk County,L,0,29.053,NULL,1,Waterloo-Cedar Falls; IA
movesdb20241112,19015,19,Boone County,L,0,28.934,NULL,0,Non-MSA
movesdb20241112,19017,19,Bremer County,L,0,28.948,NULL,1,Waterloo-Cedar Falls; IA
movesdb20241112,19019,19,Buchanan County,L,0,29.056,NULL,0,Non-MSA
movesdb20241112,19021,19,Buena Vista County,L,0,28.648,NULL,0,Non-MSA
movesdb20241112,19023,19,Butler County,L,0,28.856,NULL,0,Non-MSA
movesdb20241112,19025,19,Calhoun County,L,0,28.733,NULL,0,Non-MSA
movesdb20241112,19027,19,Carroll County,L,0,28.818,NULL,0,Non-MSA
movesdb20241112,19029,19,Cass County,L,0,28.931,NULL,0,Non-MSA
movesdb20241112,19031,19,Cedar County,L,0,29.096,NULL,0,Non-MSA
movesdb20241112,19033,19,Cerro Gordo County,L,0,28.716,NULL,0,Non-MSA
movesdb20241112,19035,19,Cherokee County,L,0,28.647,NULL,0,Non-MSA
movesdb20241112,19037,19,Chickasaw County,L,0,28.828,NULL,0,Non-MSA
movesdb20241112,19039,19,Clarke County,L,0,28.963,NULL,0,Non-MSA
movesdb20241112,19041,19,Clay County,L,0,28.597,NULL,0,Non-MSA
movesdb20241112,19043,19,Clayton County,L,0,29.118,NULL,0,Non-MSA
movesdb20241112,19045,19,Clinton County,L,0,29.046,NULL,0,Non-MSA
movesdb20241112,19047,19,Crawford County,L,0,28.777,NULL,0,Non-MSA
movesdb20241112,19049,19,Dallas County,L,0,28.954,NULL,1,Des Moines-West Des Moines; IA
movesdb20241112,19051,19,Davis County,L,0,29.096,NULL,0,Non-MSA
movesdb20241112,19053,19,Decatur County,L,0,28.898,NULL,0,Non-MSA
movesdb20241112,19055,19,Delaware County,L,0,29.065,NULL,0,Non-MSA
movesdb20241112,19057,19,Des Moines County,L,0,29.269,NULL,0,Non-MSA
movesdb20241112,19059,19,Dickinson County,L,0,28.611,NULL,0,Non-MSA
movesdb20241112,19061,19,Dubuque County,L,0,29.018,NULL,1,Dubuque; IA
movesdb20241112,19063,19,Emmet County,L,0,28.627,NULL,0,Non-MSA
movesdb20241112,19065,19,Fayette County,L,0,28.994,NULL,0,Non-MSA
movesdb20241112,19067,19,Floyd County,L,0,28.767,NULL,0,Non-MSA
movesdb20241112,19069,19,Franklin County,L,0,28.818,NULL,0,Non-MSA
movesdb20241112,19071,19,Fremont County,L,0,28.881,NULL,0,Non-MSA
movesdb20241112,19073,19,Greene County,L,0,28.876,NULL,0,Non-MSA
movesdb20241112,19075,19,Grundy County,L,0,28.978,NULL,1,Waterloo-Cedar Falls; IA
movesdb20241112,19077,19,Guthrie County,L,0,28.894,NULL,1,Des Moines-West Des Moines; IA
movesdb20241112,19079,19,Hamilton County,L,0,28.84,NULL,0,Non-MSA
movesdb20241112,19081,19,Hancock County,L,0,28.738,NULL,0,Non-MSA
movesdb20241112,19083,19,Hardin County,L,0,28.912,NULL,0,Non-MSA
movesdb20241112,19085,19,Harrison County,L,0,28.873,NULL,1,Omaha-Council Bluffs; NE-IA
movesdb20241112,19087,19,Henry County,L,0,29.236,NULL,0,Non-MSA
movesdb20241112,19089,19,Howard County,L,0,28.661,NULL,0,Non-MSA
movesdb20241112,19091,19,Humboldt County,L,0,28.696,NULL,0,Non-MSA
movesdb20241112,19093,19,Ida County,L,0,28.75,NULL,0,Non-MSA
movesdb20241112,19095,19,Iowa County,L,0,29.055,NULL,0,Non-MSA
movesdb20241112,19097,19,Jackson County,L,0,28.915,NULL,0,Non-MSA
movesdb20241112,19099,19,Jasper County,L,0,29.019,NULL,0,Non-MSA
movesdb20241112,19101,19,Jefferson County,L,0,29.136,NULL,0,Non-MSA
movesdb20241112,19103,19,Johnson County,L,0,29.085,NULL,1,Iowa City; IA
movesdb20241112,19105,19,Jones County,L,0,29.031,NULL,1,Cedar Rapids; IA
movesdb20241112,19107,19,Keokuk County,L,0,29.112,NULL,0,Non-MSA
movesdb20241112,19109,19,Kossuth County,L,0,28.622,NULL,0,Non-MSA
movesdb20241112,19111,19,Lee County,L,0,29.25,NULL,0,Non-MSA
movesdb20241112,19113,19,Linn County,L,0,29.069,NULL,1,Cedar Rapids; IA
movesdb20241112,19115,19,Louisa County,L,0,29.311,NULL,0,Non-MSA
movesdb20241112,19117,19,Lucas County,L,0,28.98,NULL,0,Non-MSA
movesdb20241112,19119,19,Lyon County,L,0,28.489,NULL,0,Non-MSA
movesdb20241112,19121,19,Madison County,L,0,28.966,NULL,1,Des Moines-West Des Moines; IA
movesdb20241112,19123,19,Mahaska County,L,0,29.046,NULL,0,Non-MSA
movesdb20241112,19125,19,Marion County,L,0,29.009,NULL,0,Non-MSA
movesdb20241112,19127,19,Marshall County,L,0,28.972,NULL,0,Non-MSA
movesdb20241112,19129,19,Mills County,L,0,28.918,NULL,1,Omaha-Council Bluffs; NE-IA
movesdb20241112,19131,19,Mitchell County,L,0,28.735,NULL,0,Non-MSA
movesdb20241112,19133,19,Monona County,L,0,28.803,NULL,0,Non-MSA
movesdb20241112,19135,19,Monroe County,L,0,29.036,NULL,0,Non-MSA
movesdb20241112,19137,19,Montgomery County,L,0,28.917,NULL,0,Non-MSA
movesdb20241112,19139,19,Muscatine County,L,0,29.236,NULL,0,Non-MSA
movesdb20241112,19141,19,O'Brien County,L,0,28.6,NULL,0,Non-MSA
movesdb20241112,19143,19,Osceola County,L,0,28.602,NULL,0,Non-MSA
movesdb20241112,19145,19,Page County,L,0,28.901,NULL,0,Non-MSA
movesdb20241112,19147,19,Palo Alto County,L,0,28.626,NULL,0,Non-MSA
movesdb20241112,19149,19,Plymouth County,L,0,28.671,NULL,1,Sioux City; IA-NE-SD
movesdb20241112,19151,19,Pocahontas County,L,0,28.655,NULL,0,Non-MSA
movesdb20241112,19153,19,Polk County,L,0,29.017,NULL,1,Des Moines-West Des Moines; IA
movesdb20241112,19155,19,Pottawattamie County,L,0,28.92,NULL,1,Omaha-Council Bluffs; NE-IA
movesdb20241112,19157,19,Poweshiek County,L,0,29.02,NULL,0,Non-MSA
movesdb20241112,19159,19,Ringgold County,L,0,28.948,NULL,0,Non-MSA
movesdb20241112,19161,19,Sac County,L,0,28.711,NULL,0,Non-MSA
movesdb20241112,19163,19,Scott County,L,0,29.206,NULL,1,Davenport-Moline-Rock Island; IA-IL
movesdb20241112,19165,19,Shelby County,L,0,28.893,NULL,0,Non-MSA
movesdb20241112,19167,19,Sioux County,L,0,28.551,NULL,0,Non-MSA
movesdb20241112,19169,19,Story County,L,0,28.948,NULL,1,Ames; IA
movesdb20241112,19171,19,Tama County,L,0,28.974,NULL,0,Non-MSA
movesdb20241112,19173,19,Taylor County,L,0,28.918,NULL,0,Non-MSA
movesdb20241112,19175,19,Union County,L,0,28.901,NULL,0,Non-MSA
movesdb20241112,19177,19,Van Buren County,L,0,29.15,NULL,0,Non-MSA
movesdb20241112,19179,19,Wapello County,L,0,29.115,NULL,0,Non-MSA
movesdb20241112,19181,19,Warren County,L,0,28.996,NULL,1,Des Moines-West Des Moines; IA
movesdb20241112,19183,19,Washington County,L,0,29.109,NULL,1,Iowa City; IA
movesdb20241112,19185,19,Wayne County,L,0,28.912,NULL,0,Non-MSA
movesdb20241112,19187,19,Webster County,L,0,28.772,NULL,0,Non-MSA
movesdb20241112,19189,19,Winnebago County,L,0,28.703,NULL,0,Non-MSA
movesdb20241112,19191,19,Winneshiek County,L,0,28.912,NULL,0,Non-MSA
movesdb20241112,19193,19,Woodbury County,L,0,28.77,NULL,1,Sioux City; IA-NE-SD
movesdb20241112,19195,19,Worth County,L,0,28.737,NULL,0,Non-MSA
movesdb20241112,19197,19,Wright County,L,0,28.751,NULL,0,Non-MSA
movesdb20241112,20001,20,Allen County,L,0,28.922,NULL,0,Non-MSA
movesdb20241112,20003,20,Anderson County,L,0,28.912,NULL,0,Non-MSA
movesdb20241112,20005,20,Atchison County,L,0,29.058,NULL,0,Non-MSA
movesdb20241112,20007,20,Barber County,L,0,27.983,NULL,0,Non-MSA
movesdb20241112,20009,20,Barton County,L,0,27.996,NULL,0,Non-MSA
movesdb20241112,20011,20,Bourbon County,L,0,28.908,NULL,0,Non-MSA
movesdb20241112,20013,20,Brown County,L,0,28.962,NULL,0,Non-MSA
movesdb20241112,20015,20,Butler County,L,0,28.559,NULL,1,Wichita; KS
movesdb20241112,20017,20,Chase County,L,0,28.715,NULL,0,Non-MSA
movesdb20241112,20019,20,Chautauqua County,L,0,28.923,NULL,0,Non-MSA
movesdb20241112,20021,20,Cherokee County,L,0,29.076,NULL,0,Non-MSA
movesdb20241112,20023,20,Cheyenne County,L,0,26.218,NULL,0,Non-MSA
movesdb20241112,20025,20,Clark County,L,0,27.296,NULL,0,Non-MSA
movesdb20241112,20027,20,Clay County,L,0,28.653,NULL,0,Non-MSA
movesdb20241112,20029,20,Cloud County,L,0,28.367,NULL,0,Non-MSA
movesdb20241112,20031,20,Coffey County,L,0,28.821,NULL,0,Non-MSA
movesdb20241112,20033,20,Comanche County,L,0,27.407,NULL,0,Non-MSA
movesdb20241112,20035,20,Cowley County,L,0,28.731,NULL,0,Non-MSA
movesdb20241112,20037,20,Crawford County,L,0,28.972,NULL,0,Non-MSA
movesdb20241112,20039,20,Decatur County,L,0,27.176,NULL,0,Non-MSA
movesdb20241112,20041,20,Dickinson County,L,0,28.649,NULL,0,Non-MSA
movesdb20241112,20043,20,Doniphan County,L,0,28.999,NULL,1,St. Joseph; MO-KS
movesdb20241112,20045,20,Douglas County,L,0,29.108,NULL,1,Lawrence; KS
movesdb20241112,20047,20,Edwards County,L,0,27.486,NULL,0,Non-MSA
movesdb20241112,20049,20,Elk County,L,0,28.804,NULL,0,Non-MSA
movesdb20241112,20051,20,Ellis County,L,0,27.72,NULL,0,Non-MSA
movesdb20241112,20053,20,Ellsworth County,L,0,28.138,NULL,0,Non-MSA
movesdb20241112,20055,20,Finney County,L,0,26.884,NULL,0,Non-MSA
movesdb20241112,20057,20,Ford County,L,0,27.22,NULL,0,Non-MSA
movesdb20241112,20059,20,Franklin County,L,0,28.934,NULL,0,Non-MSA
movesdb20241112,20061,20,Geary County,L,0,28.798,NULL,0,Non-MSA
movesdb20241112,20063,20,Gove County,L,0,26.976,NULL,0,Non-MSA
movesdb20241112,20065,20,Graham County,L,0,27.548,NULL,0,Non-MSA
movesdb20241112,20067,20,Grant County,L,0,26.524,NULL,0,Non-MSA
movesdb20241112,20069,20,Gray County,L,0,27.043,NULL,0,Non-MSA
movesdb20241112,20071,20,Greeley County,L,0,26.102,NULL,0,Non-MSA
movesdb20241112,20073,20,Greenwood County,L,0,28.772,NULL,0,Non-MSA
movesdb20241112,20075,20,Hamilton County,L,0,26.173,NULL,0,Non-MSA
movesdb20241112,20077,20,Harper County,L,0,28.441,NULL,0,Non-MSA
movesdb20241112,20079,20,Harvey County,L,0,28.429,NULL,1,Wichita; KS
movesdb20241112,20081,20,Haskell County,L,0,26.927,NULL,0,Non-MSA
movesdb20241112,20083,20,Hodgeman County,L,0,27.308,NULL,0,Non-MSA
movesdb20241112,20085,20,Jackson County,L,0,29.003,NULL,1,Topeka; KS
movesdb20241112,20087,20,Jefferson County,L,0,29.059,NULL,1,Topeka; KS
movesdb20241112,20089,20,Jewell County,L,0,28.084,NULL,0,Non-MSA
movesdb20241112,20091,20,Johnson County,L,0,29.103,NULL,1,Kansas City; MO-KS
movesdb20241112,20093,20,Kearny County,L,0,26.603,NULL,0,Non-MSA
movesdb20241112,20095,20,Kingman County,L,0,28.321,NULL,1,Wichita; KS
movesdb20241112,20097,20,Kiowa County,L,0,27.456,NULL,0,Non-MSA
movesdb20241112,20099,20,Labette County,L,0,29.091,NULL,0,Non-MSA
movesdb20241112,20101,20,Lane County,L,0,26.973,NULL,0,Non-MSA
movesdb20241112,20103,20,Leavenworth County,L,0,29.09,NULL,1,Kansas City; MO-KS
movesdb20241112,20105,20,Lincoln County,L,0,28.187,NULL,0,Non-MSA
movesdb20241112,20107,20,Linn County,L,0,28.901,NULL,1,Kansas City; MO-KS
movesdb20241112,20109,20,Logan County,L,0,26.47,NULL,0,Non-MSA
movesdb20241112,20111,20,Lyon County,L,0,28.782,NULL,0,Non-MSA
movesdb20241112,20113,20,McPherson County,L,0,28.549,NULL,0,Non-MSA
movesdb20241112,20115,20,Marion County,L,0,28.638,NULL,0,Non-MSA
movesdb20241112,20117,20,Marshall County,L,0,28.768,NULL,0,Non-MSA
movesdb20241112,20119,20,Meade County,L,0,27.062,NULL,0,Non-MSA
movesdb20241112,20121,20,Miami County,L,0,28.947,NULL,1,Kansas City; MO-KS
movesdb20241112,20123,20,Mitchell County,L,0,28.14,NULL,0,Non-MSA
movesdb20241112,20125,20,Montgomery County,L,0,29.125,NULL,0,Non-MSA
movesdb20241112,20127,20,Morris County,L,0,28.806,NULL,0,Non-MSA
movesdb20241112,20129,20,Morton County,L,0,26.005,NULL,0,Non-MSA
movesdb20241112,20131,20,Nemaha County,L,0,28.903,NULL,0,Non-MSA
movesdb20241112,20133,20,Neosho County,L,0,28.977,NULL,0,Non-MSA
movesdb20241112,20135,20,Ness County,L,0,27.394,NULL,0,Non-MSA
movesdb20241112,20137,20,Norton County,L,0,27.37,NULL,0,Non-MSA
movesdb20241112,20139,20,Osage County,L,0,28.941,NULL,1,Topeka; KS
movesdb20241112,20141,20,Osborne County,L,0,27.863,NULL,0,Non-MSA
movesdb20241112,20143,20,Ottawa County,L,0,28.426,NULL,0,Non-MSA
movesdb20241112,20145,20,Pawnee County,L,0,27.7,NULL,0,Non-MSA
movesdb20241112,20147,20,Phillips County,L,0,27.644,NULL,0,Non-MSA
movesdb20241112,20149,20,Pottawatomie County,L,0,28.904,NULL,1,Manhattan; KS
movesdb20241112,20151,20,Pratt County,L,0,27.881,NULL,0,Non-MSA
movesdb20241112,20153,20,Rawlins County,L,0,26.67,NULL,0,Non-MSA
movesdb20241112,20155,20,Reno County,L,0,28.3,NULL,0,Non-MSA
movesdb20241112,20157,20,Republic County,L,0,28.257,NULL,0,Non-MSA
movesdb20241112,20159,20,Rice County,L,0,28.167,NULL,0,Non-MSA
movesdb20241112,20161,20,Riley County,L,0,28.836,NULL,1,Manhattan; KS
movesdb20241112,20163,20,Rooks County,L,0,27.717,NULL,0,Non-MSA
movesdb20241112,20165,20,Rush County,L,0,27.752,NULL,0,Non-MSA
movesdb20241112,20167,20,Russell County,L,0,27.961,NULL,0,Non-MSA
movesdb20241112,20169,20,Saline County,L,0,28.553,NULL,0,Non-MSA
movesdb20241112,20171,20,Scott County,L,0,26.592,NULL,0,Non-MSA
movesdb20241112,20173,20,Sedgwick County,L,0,28.476,NULL,1,Wichita; KS
movesdb20241112,20175,20,Seward County,L,0,26.852,NULL,0,Non-MSA
movesdb20241112,20177,20,Shawnee County,L,0,29.035,NULL,1,Topeka; KS
movesdb20241112,20179,20,Sheridan County,L,0,26.994,NULL,0,Non-MSA
movesdb20241112,20181,20,Sherman County,L,0,26.128,NULL,0,Non-MSA
movesdb20241112,20183,20,Smith County,L,0,27.85,NULL,0,Non-MSA
movesdb20241112,20185,20,Stafford County,L,0,27.979,NULL,0,Non-MSA
movesdb20241112,20187,20,Stanton County,L,0,26.15,NULL,0,Non-MSA
movesdb20241112,20189,20,Stevens County,L,0,26.57,NULL,0,Non-MSA
movesdb20241112,20191,20,Sumner County,L,0,28.639,NULL,1,Wichita; KS
movesdb20241112,20193,20,Thomas County,L,0,26.484,NULL,0,Non-MSA
movesdb20241112,20195,20,Trego County,L,0,27.549,NULL,0,Non-MSA
movesdb20241112,20197,20,Wabaunsee County,L,0,28.907,NULL,1,Topeka; KS
movesdb20241112,20199,20,Wallace County,L,0,26.065,NULL,0,Non-MSA
movesdb20241112,20201,20,Washington County,L,0,28.642,NULL,0,Non-MSA
movesdb20241112,20203,20,Wichita County,L,0,26.428,NULL,0,Non-MSA
movesdb20241112,20205,20,Wilson County,L,0,28.958,NULL,0,Non-MSA
movesdb20241112,20207,20,Woodson County,L,0,28.823,NULL,0,Non-MSA
movesdb20241112,20209,20,Wyandotte County,L,0,29.077,NULL,1,Kansas City; MO-KS
movesdb20241112,21001,21,Adair County,L,0,29.269,NULL,0,Non-MSA
movesdb20241112,21003,21,Allen County,L,0,29.487,NULL,1,Bowling Green; KY
movesdb20241112,21005,21,Anderson County,L,0,29.306,NULL,0,Non-MSA
movesdb20241112,21007,21,Ballard County,L,0,29.676,NULL,0,Non-MSA
movesdb20241112,21009,21,Barren County,L,0,29.393,NULL,0,Non-MSA
movesdb20241112,21011,21,Bath County,L,0,28.997,NULL,0,Non-MSA
movesdb20241112,21013,21,Bell County,L,0,28.829,NULL,0,Non-MSA
movesdb20241112,21015,21,Boone County,L,0,29.14,NULL,1,Cincinnati; OH-KY-IN
movesdb20241112,21017,21,Bourbon County,L,0,29.111,NULL,1,Lexington-Fayette; KY
movesdb20241112,21019,21,Boyd County,L,0,29.099,NULL,1,Huntington-Ashland; WV-KY-OH
movesdb20241112,21021,21,Boyle County,L,0,29.281,NULL,0,Non-MSA
movesdb20241112,21023,21,Bracken County,L,0,29.338,NULL,1,Cincinnati; OH-KY-IN
movesdb20241112,21025,21,Breathitt County,L,0,28.699,NULL,0,Non-MSA
movesdb20241112,21027,21,Breckinridge County,L,0,29.494,NULL,0,Non-MSA
movesdb20241112,21029,21,Bullitt County,L,0,29.524,NULL,1,Louisville/Jefferson County; KY-IN
movesdb20241112,21031,21,Butler County,L,0,29.503,NULL,1,Bowling Green; KY
movesdb20241112,21033,21,Caldwell County,L,0,29.603,NULL,0,Non-MSA
movesdb20241112,21035,21,Calloway County,L,0,29.628,NULL,0,Non-MSA
movesdb20241112,21037,21,Campbell County,L,0,29.142,NULL,1,Cincinnati; OH-KY-IN
movesdb20241112,21039,21,Carlisle County,L,0,29.668,NULL,0,Non-MSA
movesdb20241112,21041,21,Carroll County,L,0,29.248,NULL,0,Non-MSA
movesdb20241112,21043,21,Carter County,L,0,29.071,NULL,0,Non-MSA
movesdb20241112,21045,21,Casey County,L,0,29.145,NULL,0,Non-MSA
movesdb20241112,21047,21,Christian County,L,0,29.54,NULL,1,Clarksville; TN-KY
movesdb20241112,21049,21,Clark County,L,0,29.031,NULL,1,Lexington-Fayette; KY
movesdb20241112,21051,21,Clay County,L,0,28.82,NULL,0,Non-MSA
movesdb20241112,21053,21,Clinton County,L,0,29.068,NULL,0,Non-MSA
movesdb20241112,21055,21,Crittenden County,L,0,29.614,NULL,0,Non-MSA
movesdb20241112,21057,21,Cumberland County,L,0,29.215,NULL,0,Non-MSA
movesdb20241112,21059,21,Daviess County,L,0,29.588,NULL,1,Owensboro; KY
movesdb20241112,21061,21,Edmonson County,L,0,29.424,NULL,1,Bowling Green; KY
movesdb20241112,21063,21,Elliott County,L,0,28.921,NULL,0,Non-MSA
movesdb20241112,21065,21,Estill County,L,0,28.982,NULL,0,Non-MSA
movesdb20241112,21067,21,Fayette County,L,0,29.152,NULL,1,Lexington-Fayette; KY
movesdb20241112,21069,21,Fleming County,L,0,29.082,NULL,0,Non-MSA
movesdb20241112,21071,21,Floyd County,L,0,28.732,NULL,0,Non-MSA
movesdb20241112,21073,21,Franklin County,L,0,29.278,NULL,0,Non-MSA
movesdb20241112,21075,21,Fulton County,L,0,29.654,NULL,0,Non-MSA
movesdb20241112,21077,21,Gallatin County,L,0,29.258,NULL,1,Cincinnati; OH-KY-IN
movesdb20241112,21079,21,Garrard County,L,0,29.038,NULL,0,Non-MSA
movesdb20241112,21081,21,Grant County,L,0,29.187,NULL,1,Cincinnati; OH-KY-IN
movesdb20241112,21083,21,Graves County,L,0,29.649,NULL,0,Non-MSA
movesdb20241112,21085,21,Grayson County,L,0,29.506,NULL,0,Non-MSA
movesdb20241112,21087,21,Green County,L,0,29.338,NULL,0,Non-MSA
movesdb20241112,21089,21,Greenup County,L,0,29.055,NULL,1,Huntington-Ashland; WV-KY-OH
movesdb20241112,21091,21,Hancock County,L,0,29.56,NULL,1,Owensboro; KY
movesdb20241112,21093,21,Hardin County,L,0,29.456,NULL,1,Elizabethtown-Fort Knox; KY
movesdb20241112,21095,21,Harlan County,L,0,28.626,NULL,0,Non-MSA
movesdb20241112,21097,21,Harrison County,L,0,29.264,NULL,0,Non-MSA
movesdb20241112,21099,21,Hart County,L,0,29.38,NULL,0,Non-MSA
movesdb20241112,21101,21,Henderson County,L,0,29.608,NULL,1,Evansville; IN-KY
movesdb20241112,21103,21,Henry County,L,0,29.355,NULL,1,Louisville/Jefferson County; KY-IN
movesdb20241112,21105,21,Hickman County,L,0,29.658,NULL,0,Non-MSA
movesdb20241112,21107,21,Hopkins County,L,0,29.581,NULL,0,Non-MSA
movesdb20241112,21109,21,Jackson County,L,0,28.887,NULL,0,Non-MSA
movesdb20241112,21111,21,Jefferson County,L,0,29.514,NULL,1,Louisville/Jefferson County; KY-IN
movesdb20241112,21113,21,Jessamine County,L,0,29.142,NULL,1,Lexington-Fayette; KY
movesdb20241112,21115,21,Johnson County,L,0,28.847,NULL,0,Non-MSA
movesdb20241112,21117,21,Kenton County,L,0,29.222,NULL,1,Cincinnati; OH-KY-IN
movesdb20241112,21119,21,Knott County,L,0,28.638,NULL,0,Non-MSA
movesdb20241112,21121,21,Knox County,L,0,28.848,NULL,0,Non-MSA
movesdb20241112,21123,21,Larue County,L,0,29.409,NULL,1,Elizabethtown-Fort Knox; KY
movesdb20241112,21125,21,Laurel County,L,0,28.83,NULL,0,Non-MSA
movesdb20241112,21127,21,Lawrence County,L,0,29.038,NULL,0,Non-MSA
movesdb20241112,21129,21,Lee County,L,0,28.847,NULL,0,Non-MSA
movesdb20241112,21131,21,Leslie County,L,0,28.68,NULL,0,Non-MSA
movesdb20241112,21133,21,Letcher County,L,0,28.638,NULL,0,Non-MSA
movesdb20241112,21135,21,Lewis County,L,0,29.083,NULL,0,Non-MSA
movesdb20241112,21137,21,Lincoln County,L,0,29.079,NULL,0,Non-MSA
movesdb20241112,21139,21,Livingston County,L,0,29.648,NULL,0,Non-MSA
movesdb20241112,21141,21,Logan County,L,0,29.51,NULL,0,Non-MSA
movesdb20241112,21143,21,Lyon County,L,0,29.622,NULL,0,Non-MSA
movesdb20241112,21145,21,McCracken County,L,0,29.649,NULL,0,Non-MSA
movesdb20241112,21147,21,McCreary County,L,0,28.913,NULL,0,Non-MSA
movesdb20241112,21149,21,McLean County,L,0,29.558,NULL,1,Owensboro; KY
movesdb20241112,21151,21,Madison County,L,0,29.029,NULL,0,Non-MSA
movesdb20241112,21153,21,Magoffin County,L,0,28.745,NULL,0,Non-MSA
movesdb20241112,21155,21,Marion County,L,0,29.362,NULL,0,Non-MSA
movesdb20241112,21157,21,Marshall County,L,0,29.649,NULL,0,Non-MSA
movesdb20241112,21159,21,Martin County,L,0,28.921,NULL,0,Non-MSA
movesdb20241112,21161,21,Mason County,L,0,29.171,NULL,0,Non-MSA
movesdb20241112,21163,21,Meade County,L,0,29.454,NULL,1,Elizabethtown-Fort Knox; KY
movesdb20241112,21165,21,Menifee County,L,0,28.927,NULL,0,Non-MSA
movesdb20241112,21167,21,Mercer County,L,0,29.19,NULL,0,Non-MSA
movesdb20241112,21169,21,Metcalfe County,L,0,29.324,NULL,0,Non-MSA
movesdb20241112,21171,21,Monroe County,L,0,29.353,NULL,0,Non-MSA
movesdb20241112,21173,21,Montgomery County,L,0,29.028,NULL,0,Non-MSA
movesdb20241112,21175,21,Morgan County,L,0,28.843,NULL,0,Non-MSA
movesdb20241112,21177,21,Muhlenberg County,L,0,29.542,NULL,0,Non-MSA
movesdb20241112,21179,21,Nelson County,L,0,29.475,NULL,0,Non-MSA
movesdb20241112,21181,21,Nicholas County,L,0,29.094,NULL,0,Non-MSA
movesdb20241112,21183,21,Ohio County,L,0,29.53,NULL,0,Non-MSA
movesdb20241112,21185,21,Oldham County,L,0,29.42,NULL,1,Louisville/Jefferson County; KY-IN
movesdb20241112,21187,21,Owen County,L,0,29.234,NULL,0,Non-MSA
movesdb20241112,21189,21,Owsley County,L,0,28.825,NULL,0,Non-MSA
movesdb20241112,21191,21,Pendleton County,L,0,29.262,NULL,1,Cincinnati; OH-KY-IN
movesdb20241112,21193,21,Perry County,L,0,28.648,NULL,0,Non-MSA
movesdb20241112,21195,21,Pike County,L,0,28.474,NULL,0,Non-MSA
movesdb20241112,21197,21,Powell County,L,0,28.943,NULL,0,Non-MSA
movesdb20241112,21199,21,Pulaski County,L,0,28.936,NULL,0,Non-MSA
movesdb20241112,21201,21,Robertson County,L,0,29.197,NULL,0,Non-MSA
movesdb20241112,21203,21,Rockcastle County,L,0,28.928,NULL,0,Non-MSA
movesdb20241112,21205,21,Rowan County,L,0,28.912,NULL,0,Non-MSA
movesdb20241112,21207,21,Russell County,L,0,29.166,NULL,0,Non-MSA
movesdb20241112,21209,21,Scott County,L,0,29.24,NULL,1,Lexington-Fayette; KY
movesdb20241112,21211,21,Shelby County,L,0,29.44,NULL,1,Louisville/Jefferson County; KY-IN
movesdb20241112,21213,21,Simpson County,L,0,29.498,NULL,0,Non-MSA
movesdb20241112,21215,21,Spencer County,L,0,29.512,NULL,1,Louisville/Jefferson County; KY-IN
movesdb20241112,21217,21,Taylor County,L,0,29.303,NULL,0,Non-MSA
movesdb20241112,21219,21,Todd County,L,0,29.508,NULL,0,Non-MSA
movesdb20241112,21221,21,Trigg County,L,0,29.588,NULL,1,Clarksville; TN-KY
movesdb20241112,21223,21,Trimble County,L,0,29.297,NULL,1,Louisville/Jefferson County; KY-IN
movesdb20241112,21225,21,Union County,L,0,29.598,NULL,0,Non-MSA
movesdb20241112,21227,21,Warren County,L,0,29.501,NULL,1,Bowling Green; KY
movesdb20241112,21229,21,Washington County,L,0,29.395,NULL,0,Non-MSA
movesdb20241112,21231,21,Wayne County,L,0,28.984,NULL,0,Non-MSA
movesdb20241112,21233,21,Webster County,L,0,29.59,NULL,0,Non-MSA
movesdb20241112,21235,21,Whitley County,L,0,28.869,NULL,0,Non-MSA
movesdb20241112,21237,21,Wolfe County,L,0,28.831,NULL,0,Non-MSA
movesdb20241112,21239,21,Woodford County,L,0,29.21,NULL,1,Lexington-Fayette; KY
movesdb20241112,22001,22,Acadia Parish,L,0,29.983,NULL,1,Lafayette; LA
movesdb20241112,22003,22,Allen Parish,L,0,29.942,NULL,0,Non-MSA
movesdb20241112,22005,22,Ascension Parish,L,0,29.982,NULL,1,Baton Rouge; LA
movesdb20241112,22007,22,Assumption Parish,L,0,29.993,NULL,0,Non-MSA
movesdb20241112,22009,22,Avoyelles Parish,L,0,29.958,NULL,0,Non-MSA
movesdb20241112,22011,22,Beauregard Parish,L,0,29.932,NULL,0,Non-MSA
movesdb20241112,22013,22,Bienville Parish,L,0,29.848,NULL,0,Non-MSA
movesdb20241112,22015,22,Bossier Parish,L,0,29.794,NULL,1,Shreveport-Bossier City; LA
movesdb20241112,22017,22,Caddo Parish,L,0,29.716,NULL,1,Shreveport-Bossier City; LA
movesdb20241112,22019,22,Calcasieu Parish,L,0,30.012,NULL,1,Lake Charles; LA
movesdb20241112,22021,22,Caldwell Parish,L,0,29.922,NULL,0,Non-MSA
movesdb20241112,22023,22,Cameron Parish,L,0,30.017,NULL,1,Lake Charles; LA
movesdb20241112,22025,22,Catahoula Parish,L,0,29.928,NULL,0,Non-MSA
movesdb20241112,22027,22,Claiborne Parish,L,0,29.793,NULL,0,Non-MSA
movesdb20241112,22029,22,Concordia Parish,L,0,29.916,NULL,0,Non-MSA
movesdb20241112,22031,22,De Soto Parish,L,0,29.748,NULL,1,Shreveport-Bossier City; LA
movesdb20241112,22033,22,East Baton Rouge Parish,L,0,29.982,NULL,1,Baton Rouge; LA
movesdb20241112,22035,22,East Carroll Parish,L,0,29.885,NULL,0,Non-MSA
movesdb20241112,22037,22,East Feliciana Parish,L,0,29.915,NULL,1,Baton Rouge; LA
movesdb20241112,22039,22,Evangeline Parish,L,0,29.939,NULL,0,Non-MSA
movesdb20241112,22041,22,Franklin Parish,L,0,29.921,NULL,0,Non-MSA
movesdb20241112,22043,22,Grant Parish,L,0,29.912,NULL,1,Alexandria; LA
movesdb20241112,22045,22,Iberia Parish,L,0,30.013,NULL,1,Lafayette; LA
movesdb20241112,22047,22,Iberville Parish,L,0,29.993,NULL,1,Baton Rouge; LA
movesdb20241112,22049,22,Jackson Parish,L,0,29.869,NULL,0,Non-MSA
movesdb20241112,22051,22,Jefferson Parish,L,0,30.043,NULL,1,New Orleans-Metairie; LA
movesdb20241112,22053,22,Jefferson Davis Parish,L,0,29.998,NULL,0,Non-MSA
movesdb20241112,22055,22,Lafayette Parish,L,0,29.996,NULL,1,Lafayette; LA
movesdb20241112,22057,22,Lafourche Parish,L,0,30.026,NULL,1,Houma-Thibodaux; LA
movesdb20241112,22059,22,LaSalle Parish,L,0,29.927,NULL,0,Non-MSA
movesdb20241112,22061,22,Lincoln Parish,L,0,29.838,NULL,0,Non-MSA
movesdb20241112,22063,22,Livingston Parish,L,0,29.955,NULL,1,Baton Rouge; LA
movesdb20241112,22065,22,Madison Parish,L,0,29.942,NULL,0,Non-MSA
movesdb20241112,22067,22,Morehouse Parish,L,0,29.862,NULL,0,Non-MSA
movesdb20241112,22069,22,Natchitoches Parish,L,0,29.83,NULL,0,Non-MSA
movesdb20241112,22071,22,Orleans Parish,L,0,30.053,NULL,1,New Orleans-Metairie; LA
movesdb20241112,22073,22,Ouachita Parish,L,0,29.912,NULL,1,Monroe; LA
movesdb20241112,22075,22,Plaquemines Parish,L,0,30.05,NULL,1,New Orleans-Metairie; LA
movesdb20241112,22077,22,Pointe Coupee Parish,L,0,29.973,NULL,1,Baton Rouge; LA
movesdb20241112,22079,22,Rapides Parish,L,0,29.938,NULL,1,Alexandria; LA
movesdb20241112,22081,22,Red River Parish,L,0,29.77,NULL,0,Non-MSA
movesdb20241112,22083,22,Richland Parish,L,0,29.912,NULL,0,Non-MSA
movesdb20241112,22085,22,Sabine Parish,L,0,29.799,NULL,0,Non-MSA
movesdb20241112,22087,22,St. Bernard Parish,L,0,30.043,NULL,1,New Orleans-Metairie; LA
movesdb20241112,22089,22,St. Charles Parish,L,0,30.027,NULL,1,New Orleans-Metairie; LA
movesdb20241112,22091,22,St. Helena Parish,L,0,29.853,NULL,1,Baton Rouge; LA
movesdb20241112,22093,22,St. James Parish,L,0,29.987,NULL,1,New Orleans-Metairie; LA
movesdb20241112,22095,22,St. John the Baptist Parish,L,0,30.006,NULL,1,New Orleans-Metairie; LA
movesdb20241112,22097,22,St. Landry Parish,L,0,29.971,NULL,0,Non-MSA
movesdb20241112,22099,22,St. Martin Parish,L,0,30.01,NULL,1,Lafayette; LA
movesdb20241112,22101,22,St. Mary Parish,L,0,30.011,NULL,0,Non-MSA
movesdb20241112,22103,22,St. Tammany Parish,L,0,29.985,NULL,1,New Orleans-Metairie; LA
movesdb20241112,22105,22,Tangipahoa Parish,L,0,29.879,NULL,1,Hammond; LA
movesdb20241112,22107,22,Tensas Parish,L,0,29.94,NULL,0,Non-MSA
movesdb20241112,22109,22,Terrebonne Parish,L,0,30.012,NULL,1,Houma-Thibodaux; LA
movesdb20241112,22111,22,Union Parish,L,0,29.825,NULL,1,Monroe; LA
movesdb20241112,22113,22,Vermilion Parish,L,0,30.007,NULL,1,Lafayette; LA
movesdb20241112,22115,22,Vernon Parish,L,0,29.898,NULL,0,Non-MSA
movesdb20241112,22117,22,Washington Parish,L,0,29.816,NULL,0,Non-MSA
movesdb20241112,22119,22,Webster Parish,L,0,29.795,NULL,1,Shreveport-Bossier City; LA
movesdb20241112,22121,22,West Baton Rouge Parish,L,0,29.978,NULL,1,Baton Rouge; LA
movesdb20241112,22123,22,West Carroll Parish,L,0,29.864,NULL,0,Non-MSA
movesdb20241112,22125,22,West Feliciana Parish,L,0,29.947,NULL,1,Baton Rouge; LA
movesdb20241112,22127,22,Winn Parish,L,0,29.88,NULL,0,Non-MSA
movesdb20241112,23001,23,Androscoggin County,L,0,29.489,NULL,1,Lewiston-Auburn; ME
movesdb20241112,23003,23,Aroostook County,L,0,29.224,NULL,0,Non-MSA
movesdb20241112,23005,23,Cumberland County,L,0,29.562,NULL,1,Portland-South Portland; ME
movesdb20241112,23007,23,Franklin County,L,0,29.14,NULL,0,Non-MSA
movesdb20241112,23009,23,Hancock County,L,0,29.76,NULL,0,Non-MSA
movesdb20241112,23011,23,Kennebec County,L,0,29.574,NULL,0,Non-MSA
movesdb20241112,23013,23,Knox County,L,0,29.676,NULL,0,Non-MSA
movesdb20241112,23015,23,Lincoln County,L,0,29.639,NULL,0,Non-MSA
movesdb20241112,23017,23,Oxford County,L,0,28.961,NULL,0,Non-MSA
movesdb20241112,23019,23,Penobscot County,L,0,29.548,NULL,1,Bangor; ME
movesdb20241112,23021,23,Piscataquis County,L,0,29.474,NULL,0,Non-MSA
movesdb20241112,23023,23,Sagadahoc County,L,0,29.661,NULL,1,Portland-South Portland; ME
movesdb20241112,23025,23,Somerset County,L,0,29.438,NULL,0,Non-MSA
movesdb20241112,23027,23,Waldo County,L,0,29.651,NULL,0,Non-MSA
movesdb20241112,23029,23,Washington County,L,0,29.586,NULL,0,Non-MSA
movesdb20241112,23031,23,York County,L,0,29.581,NULL,1,Portland-South Portland; ME
movesdb20241112,24001,24,Allegany County,L,0,28.517,NULL,1,Cumberland; MD-WV
movesdb20241112,24003,24,Anne Arundel County,L,0,29.817,NULL,1,Baltimore-Columbia-Towson; MD
movesdb20241112,24005,24,Baltimore County,L,0,29.688,NULL,1,Baltimore-Columbia-Towson; MD
movesdb20241112,24009,24,Calvert County,L,0,29.938,NULL,1,Washington-Arlington-Alexandria; DC-VA-MD-WV
movesdb20241112,24011,24,Caroline County,L,0,29.909,NULL,0,Non-MSA
movesdb20241112,24013,24,Carroll County,L,0,29.412,NULL,1,Baltimore-Columbia-Towson; MD
movesdb20241112,24015,24,Cecil County,L,0,29.754,NULL,1,Philadelphia-Camden-Wilmington; PA-NJ-DE-MD
movesdb20241112,24017,24,Charles County,L,0,30.052,NULL,1,Washington-Arlington-Alexandria; DC-VA-MD-WV
movesdb20241112,24019,24,Dorchester County,L,0,29.943,NULL,0,Non-MSA
movesdb20241112,24021,24,Frederick County,L,0,29.263,NULL,1,Washington-Arlington-Alexandria; DC-VA-MD-WV
movesdb20241112,24023,24,Garrett County,L,0,28.678,NULL,0,Non-MSA
movesdb20241112,24025,24,Harford County,L,0,29.65,NULL,1,Baltimore-Columbia-Towson; MD
movesdb20241112,24027,24,Howard County,L,0,29.639,NULL,1,Baltimore-Columbia-Towson; MD
movesdb20241112,24029,24,Kent County,L,0,29.904,NULL,0,Non-MSA
movesdb20241112,24031,24,Montgomery County,L,0,29.592,NULL,1,Washington-Arlington-Alexandria; DC-VA-MD-WV
movesdb20241112,24033,24,Prince George's County,L,0,29.768,NULL,1,Washington-Arlington-Alexandria; DC-VA-MD-WV
movesdb20241112,24035,24,Queen Anne's County,L,0,29.968,NULL,1,Baltimore-Columbia-Towson; MD
movesdb20241112,24037,24,St. Mary's County,L,0,29.947,NULL,1,California-Lexington Park; MD
movesdb20241112,24039,24,Somerset County,L,0,29.995,NULL,1,Salisbury; MD-DE
movesdb20241112,24041,24,Talbot County,L,0,29.891,NULL,0,Non-MSA
movesdb20241112,24043,24,Washington County,L,0,29.233,NULL,1,Hagerstown-Martinsburg; MD-WV
movesdb20241112,24045,24,Wicomico County,L,0,29.996,NULL,1,Salisbury; MD-DE
movesdb20241112,24047,24,Worcester County,L,0,30.014,NULL,1,Salisbury; MD-DE
movesdb20241112,24510,24,Baltimore city,L,0,29.789,NULL,1,Baltimore-Columbia-Towson; MD
movesdb20241112,25001,25,Barnstable County,L,0,29.866,NULL,1,Barnstable Town; MA
movesdb20241112,25003,25,Berkshire County,L,0,29.224,NULL,1,Pittsfield; MA
movesdb20241112,25005,25,Bristol County,L,0,29.843,NULL,1,Providence-Warwick; RI-MA
movesdb20241112,25007,25,Dukes County,L,0,29.933,NULL,0,Non-MSA
movesdb20241112,25009,25,Essex County,L,0,29.76,NULL,1,Boston-Cambridge-Newton; MA-NH
movesdb20241112,25011,25,Franklin County,L,0,29.458,NULL,0,Non-MSA
movesdb20241112,25013,25,Hampden County,L,0,29.65,NULL,1,Springfield; MA
movesdb20241112,25015,25,Hampshire County,L,0,29.405,NULL,1,Springfield; MA
movesdb20241112,25017,25,Middlesex County,L,0,29.708,NULL,1,Boston-Cambridge-Newton; MA-NH
movesdb20241112,25019,25,Nantucket County,L,0,29.948,NULL,0,Non-MSA
movesdb20241112,25021,25,Norfolk County,L,0,29.673,NULL,1,Boston-Cambridge-Newton; MA-NH
movesdb20241112,25023,25,Plymouth County,L,0,29.694,NULL,1,Boston-Cambridge-Newton; MA-NH
movesdb20241112,25025,25,Suffolk County,L,0,29.861,NULL,1,Boston-Cambridge-Newton; MA-NH
movesdb20241112,25027,25,Worcester County,L,0,29.417,NULL,1,Worcester; MA-CT
movesdb20241112,26001,26,Alcona County,L,0,29.094,NULL,0,Non-MSA
movesdb20241112,26003,26,Alger County,L,0,29.148,NULL,0,Non-MSA
movesdb20241112,26005,26,Allegan County,L,0,29.266,NULL,0,Non-MSA
movesdb20241112,26007,26,Alpena County,L,0,29.224,NULL,0,Non-MSA
movesdb20241112,26009,26,Antrim County,L,0,28.987,NULL,0,Non-MSA
movesdb20241112,26011,26,Arenac County,L,0,28.965,NULL,0,Non-MSA
movesdb20241112,26013,26,Baraga County,L,0,28.903,NULL,0,Non-MSA
movesdb20241112,26015,26,Barry County,L,0,29.177,NULL,1,Grand Rapids-Wyoming; MI
movesdb20241112,26017,26,Bay County,L,0,29.22,NULL,1,Bay City; MI
movesdb20241112,26019,26,Benzie County,L,0,29.207,NULL,0,Non-MSA
movesdb20241112,26021,26,Berrien County,L,0,29.326,NULL,1,Niles-Benton Harbor; MI
movesdb20241112,26023,26,Branch County,L,0,29.072,NULL,0,Non-MSA
movesdb20241112,26025,26,Calhoun County,L,0,29.041,NULL,1,Battle Creek; MI
movesdb20241112,26027,26,Cass County,L,0,29.278,NULL,1,South Bend-Mishawaka; IN-MI
movesdb20241112,26029,26,Charlevoix County,L,0,29.049,NULL,0,Non-MSA
movesdb20241112,26031,26,Cheboygan County,L,0,29.225,NULL,0,Non-MSA
movesdb20241112,26033,26,Chippewa County,L,0,29.2,NULL,0,Non-MSA
movesdb20241112,26035,26,Clare County,L,0,28.993,NULL,0,Non-MSA
movesdb20241112,26037,26,Clinton County,L,0,29.185,NULL,1,Lansing-East Lansing; MI
movesdb20241112,26039,26,Crawford County,L,0,28.855,NULL,0,Non-MSA
movesdb20241112,26041,26,Delta County,L,0,29.173,NULL,0,Non-MSA
movesdb20241112,26043,26,Dickinson County,L,0,28.805,NULL,0,Non-MSA
movesdb20241112,26045,26,Eaton County,L,0,29.111,NULL,1,Lansing-East Lansing; MI
movesdb20241112,26047,26,Emmet County,L,0,29.112,NULL,0,Non-MSA
movesdb20241112,26049,26,Genesee County,L,0,29.237,NULL,1,Flint; MI
movesdb20241112,26051,26,Gladwin County,L,0,28.872,NULL,0,Non-MSA
movesdb20241112,26053,26,Gogebic County,L,0,28.931,NULL,0,Non-MSA
movesdb20241112,26055,26,Grand Traverse County,L,0,29.204,NULL,0,Non-MSA
movesdb20241112,26057,26,Gratiot County,L,0,29.21,NULL,0,Non-MSA
movesdb20241112,26059,26,Hillsdale County,L,0,29.069,NULL,0,Non-MSA
movesdb20241112,26061,26,Houghton County,L,0,28.83,NULL,0,Non-MSA
movesdb20241112,26063,26,Huron County,L,0,29.263,NULL,0,Non-MSA
movesdb20241112,26065,26,Ingham County,L,0,29.136,NULL,1,Lansing-East Lansing; MI
movesdb20241112,26067,26,Ionia County,L,0,29.177,NULL,0,Non-MSA
movesdb20241112,26069,26,Iosco County,L,0,29.041,NULL,0,Non-MSA
movesdb20241112,26071,26,Iron County,L,0,28.785,NULL,0,Non-MSA
movesdb20241112,26073,26,Isabella County,L,0,29.141,NULL,0,Non-MSA
movesdb20241112,26075,26,Jackson County,L,0,28.987,NULL,1,Jackson; MI
movesdb20241112,26077,26,Kalamazoo County,L,0,29.155,NULL,1,Kalamazoo-Portage; MI
movesdb20241112,26079,26,Kalkaska County,L,0,29.124,NULL,0,Non-MSA
movesdb20241112,26081,26,Kent County,L,0,29.263,NULL,1,Grand Rapids-Wyoming; MI
movesdb20241112,26083,26,Keweenaw County,L,0,28.967,NULL,0,Non-MSA
movesdb20241112,26085,26,Lake County,L,0,29.229,NULL,0,Non-MSA
movesdb20241112,26087,26,Lapeer County,L,0,29.226,NULL,1,Detroit-Warren-Dearborn; MI
movesdb20241112,26089,26,Leelanau County,L,0,29.146,NULL,0,Non-MSA
movesdb20241112,26091,26,Lenawee County,L,0,29.086,NULL,0,Non-MSA
movesdb20241112,26093,26,Livingston County,L,0,29.113,NULL,1,Detroit-Warren-Dearborn; MI
movesdb20241112,26095,26,Luce County,L,0,29.224,NULL,0,Non-MSA
movesdb20241112,26097,26,Mackinac County,L,0,29.24,NULL,0,Non-MSA
movesdb20241112,26099,26,Macomb County,L,0,29.144,NULL,1,Detroit-Warren-Dearborn; MI
movesdb20241112,26101,26,Manistee County,L,0,29.221,NULL,0,Non-MSA
movesdb20241112,26103,26,Marquette County,L,0,28.986,NULL,0,Non-MSA
movesdb20241112,26105,26,Mason County,L,0,29.266,NULL,0,Non-MSA
movesdb20241112,26107,26,Mecosta County,L,0,29.202,NULL,0,Non-MSA
movesdb20241112,26109,26,Menominee County,L,0,28.854,NULL,0,Non-MSA
movesdb20241112,26111,26,Midland County,L,0,29.162,NULL,1,Midland; MI
movesdb20241112,26113,26,Missaukee County,L,0,29.235,NULL,0,Non-MSA
movesdb20241112,26115,26,Monroe County,L,0,29.173,NULL,1,Monroe; MI
movesdb20241112,26117,26,Montcalm County,L,0,29.194,NULL,1,Grand Rapids-Wyoming; MI
movesdb20241112,26119,26,Montmorency County,L,0,28.761,NULL,0,Non-MSA
movesdb20241112,26121,26,Muskegon County,L,0,29.304,NULL,1,Muskegon; MI
movesdb20241112,26123,26,Newaygo County,L,0,29.248,NULL,0,Non-MSA
movesdb20241112,26125,26,Oakland County,L,0,29.146,NULL,1,Detroit-Warren-Dearborn; MI
movesdb20241112,26127,26,Oceana County,L,0,29.243,NULL,0,Non-MSA
movesdb20241112,26129,26,Ogemaw County,L,0,28.848,NULL,0,Non-MSA
movesdb20241112,26131,26,Ontonagon County,L,0,28.922,NULL,0,Non-MSA
movesdb20241112,26133,26,Osceola County,L,0,29.148,NULL,0,Non-MSA
movesdb20241112,26135,26,Oscoda County,L,0,28.844,NULL,0,Non-MSA
movesdb20241112,26137,26,Otsego County,L,0,28.702,NULL,0,Non-MSA
movesdb20241112,26139,26,Ottawa County,L,0,29.294,NULL,1,Grand Rapids-Wyoming; MI
movesdb20241112,26141,26,Presque Isle County,L,0,29.074,NULL,0,Non-MSA
movesdb20241112,26143,26,Roscommon County,L,0,28.875,NULL,0,Non-MSA
movesdb20241112,26145,26,Saginaw County,L,0,29.304,NULL,1,Saginaw; MI
movesdb20241112,26147,26,St. Clair County,L,0,29.172,NULL,1,Detroit-Warren-Dearborn; MI
movesdb20241112,26149,26,St. Joseph County,L,0,29.152,NULL,0,Non-MSA
movesdb20241112,26151,26,Sanilac County,L,0,29.256,NULL,0,Non-MSA
movesdb20241112,26153,26,Schoolcraft County,L,0,29.227,NULL,0,Non-MSA
movesdb20241112,26155,26,Shiawassee County,L,0,29.203,NULL,0,Non-MSA
movesdb20241112,26157,26,Tuscola County,L,0,29.212,NULL,0,Non-MSA
movesdb20241112,26159,26,Van Buren County,L,0,29.287,NULL,1,Kalamazoo-Portage; MI
movesdb20241112,26161,26,Washtenaw County,L,0,29.095,NULL,1,Ann Arbor; MI
movesdb20241112,26163,26,Wayne County,L,0,29.069,NULL,1,Detroit-Warren-Dearborn; MI
movesdb20241112,26165,26,Wexford County,L,0,29.285,NULL,0,Non-MSA
movesdb20241112,27001,27,Aitkin County,L,0,28.664,NULL,0,Non-MSA
movesdb20241112,27003,27,Anoka County,L,0,29.025,NULL,1,Minneapolis-St. Paul-Bloomington; MN-WI
movesdb20241112,27005,27,Becker County,L,0,28.732,NULL,0,Non-MSA
movesdb20241112,27007,27,Beltrami County,L,0,28.702,NULL,0,Non-MSA
movesdb20241112,27009,27,Benton County,L,0,28.795,NULL,1,St. Cloud; MN
movesdb20241112,27011,27,Big Stone County,L,0,28.723,NULL,0,Non-MSA
movesdb20241112,27013,27,Blue Earth County,L,0,28.823,NULL,1,Mankato-North Mankato; MN
movesdb20241112,27015,27,Brown County,L,0,28.85,NULL,0,Non-MSA
movesdb20241112,27017,27,Carlton County,L,0,28.532,NULL,1,Duluth; MN-WI
movesdb20241112,27019,27,Carver County,L,0,28.97,NULL,1,Minneapolis-St. Paul-Bloomington; MN-WI
movesdb20241112,27021,27,Cass County,L,0,28.554,NULL,0,Non-MSA
movesdb20241112,27023,27,Chippewa County,L,0,28.651,NULL,0,Non-MSA
movesdb20241112,27025,27,Chisago County,L,0,28.896,NULL,1,Minneapolis-St. Paul-Bloomington; MN-WI
movesdb20241112,27027,27,Clay County,L,0,28.93,NULL,1,Fargo; ND-MN
movesdb20241112,27029,27,Clearwater County,L,0,28.744,NULL,0,Non-MSA
movesdb20241112,27031,27,Cook County,L,0,29.186,NULL,0,Non-MSA
movesdb20241112,27033,27,Cottonwood County,L,0,28.793,NULL,0,Non-MSA
movesdb20241112,27035,27,Crow Wing County,L,0,28.64,NULL,0,Non-MSA
movesdb20241112,27037,27,Dakota County,L,0,29.122,NULL,1,Minneapolis-St. Paul-Bloomington; MN-WI
movesdb20241112,27039,27,Dodge County,L,0,28.867,NULL,1,Rochester; MN
movesdb20241112,27041,27,Douglas County,L,0,28.578,NULL,0,Non-MSA
movesdb20241112,27043,27,Faribault County,L,0,28.721,NULL,0,Non-MSA
movesdb20241112,27045,27,Fillmore County,L,0,28.696,NULL,1,Rochester; MN
movesdb20241112,27047,27,Freeborn County,L,0,28.762,NULL,0,Non-MSA
movesdb20241112,27049,27,Goodhue County,L,0,29.143,NULL,0,Non-MSA
movesdb20241112,27051,27,Grant County,L,0,28.675,NULL,0,Non-MSA
movesdb20241112,27053,27,Hennepin County,L,0,29.039,NULL,1,Minneapolis-St. Paul-Bloomington; MN-WI
movesdb20241112,27055,27,Houston County,L,0,29.136,NULL,1,La Crosse-Onalaska; WI-MN
movesdb20241112,27057,27,Hubbard County,L,0,28.589,NULL,0,Non-MSA
movesdb20241112,27059,27,Isanti County,L,0,28.884,NULL,1,Minneapolis-St. Paul-Bloomington; MN-WI
movesdb20241112,27061,27,Itasca County,L,0,28.668,NULL,0,Non-MSA
movesdb20241112,27063,27,Jackson County,L,0,28.66,NULL,0,Non-MSA
movesdb20241112,27065,27,Kanabec County,L,0,28.753,NULL,0,Non-MSA
movesdb20241112,27067,27,Kandiyohi County,L,0,28.638,NULL,0,Non-MSA
movesdb20241112,27069,27,Kittson County,L,0,28.914,NULL,0,Non-MSA
movesdb20241112,27071,27,Koochiching County,L,0,28.712,NULL,0,Non-MSA
movesdb20241112,27073,27,Lac qui Parle County,L,0,28.575,NULL,0,Non-MSA
movesdb20241112,27075,27,Lake County,L,0,28.804,NULL,0,Non-MSA
movesdb20241112,27077,27,Lake of the Woods County,L,0,28.795,NULL,0,Non-MSA
movesdb20241112,27079,27,Le Sueur County,L,0,28.939,NULL,1,Minneapolis-St. Paul-Bloomington; MN-WI
movesdb20241112,27081,27,Lincoln County,L,0,28.489,NULL,0,Non-MSA
movesdb20241112,27083,27,Lyon County,L,0,28.655,NULL,0,Non-MSA
movesdb20241112,27085,27,McLeod County,L,0,28.876,NULL,0,Non-MSA
movesdb20241112,27087,27,Mahnomen County,L,0,28.795,NULL,0,Non-MSA
movesdb20241112,27089,27,Marshall County,L,0,28.874,NULL,0,Non-MSA
movesdb20241112,27091,27,Martin County,L,0,28.676,NULL,0,Non-MSA
movesdb20241112,27093,27,Meeker County,L,0,28.783,NULL,0,Non-MSA
movesdb20241112,27095,27,Mille Lacs County,L,0,28.733,NULL,1,Minneapolis-St. Paul-Bloomington; MN-WI
movesdb20241112,27097,27,Morrison County,L,0,28.662,NULL,0,Non-MSA
movesdb20241112,27099,27,Mower County,L,0,28.719,NULL,0,Non-MSA
movesdb20241112,27101,27,Murray County,L,0,28.637,NULL,0,Non-MSA
movesdb20241112,27103,27,Nicollet County,L,0,28.854,NULL,1,Mankato-North Mankato; MN
movesdb20241112,27105,27,Nobles County,L,0,28.607,NULL,0,Non-MSA
movesdb20241112,27107,27,Norman County,L,0,28.945,NULL,0,Non-MSA
movesdb20241112,27109,27,Olmsted County,L,0,28.877,NULL,1,Rochester; MN
movesdb20241112,27111,27,Otter Tail County,L,0,28.685,NULL,0,Non-MSA
movesdb20241112,27113,27,Pennington County,L,0,28.872,NULL,0,Non-MSA
movesdb20241112,27115,27,Pine County,L,0,28.666,NULL,0,Non-MSA
movesdb20241112,27117,27,Pipestone County,L,0,28.516,NULL,0,Non-MSA
movesdb20241112,27119,27,Polk County,L,0,28.963,NULL,1,Grand Forks; ND-MN
movesdb20241112,27121,27,Pope County,L,0,28.5,NULL,0,Non-MSA
movesdb20241112,27123,27,Ramsey County,L,0,29.055,NULL,1,Minneapolis-St. Paul-Bloomington; MN-WI
movesdb20241112,27125,27,Red Lake County,L,0,28.891,NULL,0,Non-MSA
movesdb20241112,27127,27,Redwood County,L,0,28.868,NULL,0,Non-MSA
movesdb20241112,27129,27,Renville County,L,0,28.796,NULL,0,Non-MSA
movesdb20241112,27131,27,Rice County,L,0,28.984,NULL,0,Non-MSA
movesdb20241112,27133,27,Rock County,L,0,28.509,NULL,0,Non-MSA
movesdb20241112,27135,27,Roseau County,L,0,28.799,NULL,0,Non-MSA
movesdb20241112,27137,27,St. Louis County,L,0,28.544,NULL,1,Duluth; MN-WI
movesdb20241112,27139,27,Scott County,L,0,29.006,NULL,1,Minneapolis-St. Paul-Bloomington; MN-WI
movesdb20241112,27141,27,Sherburne County,L,0,28.884,NULL,1,Minneapolis-St. Paul-Bloomington; MN-WI
movesdb20241112,27143,27,Sibley County,L,0,28.884,NULL,1,Minneapolis-St. Paul-Bloomington; MN-WI
movesdb20241112,27145,27,Stearns County,L,0,28.729,NULL,1,St. Cloud; MN
movesdb20241112,27147,27,Steele County,L,0,28.924,NULL,0,Non-MSA
movesdb20241112,27149,27,Stevens County,L,0,28.623,NULL,0,Non-MSA
movesdb20241112,27151,27,Swift County,L,0,28.576,NULL,0,Non-MSA
movesdb20241112,27153,27,Todd County,L,0,28.596,NULL,0,Non-MSA
movesdb20241112,27155,27,Traverse County,L,0,28.722,NULL,0,Non-MSA
movesdb20241112,27157,27,Wabasha County,L,0,29.019,NULL,1,Rochester; MN
movesdb20241112,27159,27,Wadena County,L,0,28.423,NULL,0,Non-MSA
movesdb20241112,27161,27,Waseca County,L,0,28.845,NULL,0,Non-MSA
movesdb20241112,27163,27,Washington County,L,0,29.056,NULL,1,Minneapolis-St. Paul-Bloomington; MN-WI
movesdb20241112,27165,27,Watonwan County,L,0,28.77,NULL,0,Non-MSA
movesdb20241112,27167,27,Wilkin County,L,0,28.922,NULL,0,Non-MSA
movesdb20241112,27169,27,Winona County,L,0,28.971,NULL,0,Non-MSA
movesdb20241112,27171,27,Wright County,L,0,28.894,NULL,1,Minneapolis-St. Paul-Bloomington; MN-WI
movesdb20241112,27173,27,Yellow Medicine County,L,0,28.627,NULL,0,Non-MSA
movesdb20241112,28001,28,Adams County,L,0,29.903,NULL,0,Non-MSA
movesdb20241112,28003,28,Alcorn County,L,0,29.655,NULL,0,Non-MSA
movesdb20241112,28005,28,Amite County,L,0,29.793,NULL,0,Non-MSA
movesdb20241112,28007,28,Attala County,L,0,29.869,NULL,0,Non-MSA
movesdb20241112,28009,28,Benton County,L,0,29.727,NULL,1,Memphis; TN-MS-AR
movesdb20241112,28011,28,Bolivar County,L,0,29.855,NULL,0,Non-MSA
movesdb20241112,28013,28,Calhoun County,L,0,29.803,NULL,0,Non-MSA
movesdb20241112,28015,28,Carroll County,L,0,29.905,NULL,0,Non-MSA
movesdb20241112,28017,28,Chickasaw County,L,0,29.747,NULL,0,Non-MSA
movesdb20241112,28019,28,Choctaw County,L,0,29.814,NULL,0,Non-MSA
movesdb20241112,28021,28,Claiborne County,L,0,29.929,NULL,0,Non-MSA
movesdb20241112,28023,28,Clarke County,L,0,29.779,NULL,0,Non-MSA
movesdb20241112,28025,28,Clay County,L,0,29.751,NULL,0,Non-MSA
movesdb20241112,28027,28,Coahoma County,L,0,29.808,NULL,0,Non-MSA
movesdb20241112,28029,28,Copiah County,L,0,29.805,NULL,1,Jackson; MS
movesdb20241112,28031,28,Covington County,L,0,29.823,NULL,0,Non-MSA
movesdb20241112,28033,28,DeSoto County,L,0,29.767,NULL,1,Memphis; TN-MS-AR
movesdb20241112,28035,28,Forrest County,L,0,29.906,NULL,1,Hattiesburg; MS
movesdb20241112,28037,28,Franklin County,L,0,29.828,NULL,0,Non-MSA
movesdb20241112,28039,28,George County,L,0,29.925,NULL,0,Non-MSA
movesdb20241112,28041,28,Greene County,L,0,29.89,NULL,0,Non-MSA
movesdb20241112,28043,28,Grenada County,L,0,29.871,NULL,0,Non-MSA
movesdb20241112,28045,28,Hancock County,L,0,30.018,NULL,1,Gulfport-Biloxi-Pascagoula; MS
movesdb20241112,28047,28,Harrison County,L,0,30.002,NULL,1,Gulfport-Biloxi-Pascagoula; MS
movesdb20241112,28049,28,Hinds County,L,0,29.773,NULL,1,Jackson; MS
movesdb20241112,28051,28,Holmes County,L,0,29.9,NULL,0,Non-MSA
movesdb20241112,28053,28,Humphreys County,L,0,29.908,NULL,0,Non-MSA
movesdb20241112,28055,28,Issaquena County,L,0,29.879,NULL,0,Non-MSA
movesdb20241112,28057,28,Itawamba County,L,0,29.705,NULL,0,Non-MSA
movesdb20241112,28059,28,Jackson County,L,0,30.008,NULL,1,Gulfport-Biloxi-Pascagoula; MS
movesdb20241112,28061,28,Jasper County,L,0,29.803,NULL,0,Non-MSA
movesdb20241112,28063,28,Jefferson County,L,0,29.893,NULL,0,Non-MSA
movesdb20241112,28065,28,Jefferson Davis County,L,0,29.791,NULL,0,Non-MSA
movesdb20241112,28067,28,Jones County,L,0,29.841,NULL,0,Non-MSA
movesdb20241112,28069,28,Kemper County,L,0,29.805,NULL,0,Non-MSA
movesdb20241112,28071,28,Lafayette County,L,0,29.75,NULL,0,Non-MSA
movesdb20241112,28073,28,Lamar County,L,0,29.885,NULL,1,Hattiesburg; MS
movesdb20241112,28075,28,Lauderdale County,L,0,29.779,NULL,0,Non-MSA
movesdb20241112,28077,28,Lawrence County,L,0,29.757,NULL,0,Non-MSA
movesdb20241112,28079,28,Leake County,L,0,29.847,NULL,0,Non-MSA
movesdb20241112,28081,28,Lee County,L,0,29.707,NULL,0,Non-MSA
movesdb20241112,28083,28,Leflore County,L,0,29.896,NULL,0,Non-MSA
movesdb20241112,28085,28,Lincoln County,L,0,29.766,NULL,0,Non-MSA
movesdb20241112,28087,28,Lowndes County,L,0,29.743,NULL,0,Non-MSA
movesdb20241112,28089,28,Madison County,L,0,29.795,NULL,1,Jackson; MS
movesdb20241112,28091,28,Marion County,L,0,29.778,NULL,0,Non-MSA
movesdb20241112,28093,28,Marshall County,L,0,29.759,NULL,1,Memphis; TN-MS-AR
movesdb20241112,28095,28,Monroe County,L,0,29.712,NULL,0,Non-MSA
movesdb20241112,28097,28,Montgomery County,L,0,29.874,NULL,0,Non-MSA
movesdb20241112,28099,28,Neshoba County,L,0,29.815,NULL,0,Non-MSA
movesdb20241112,28101,28,Newton County,L,0,29.816,NULL,0,Non-MSA
movesdb20241112,28103,28,Noxubee County,L,0,29.791,NULL,0,Non-MSA
movesdb20241112,28105,28,Oktibbeha County,L,0,29.777,NULL,0,Non-MSA
movesdb20241112,28107,28,Panola County,L,0,29.785,NULL,0,Non-MSA
movesdb20241112,28109,28,Pearl River County,L,0,29.931,NULL,0,Non-MSA
movesdb20241112,28111,28,Perry County,L,0,29.915,NULL,1,Hattiesburg; MS
movesdb20241112,28113,28,Pike County,L,0,29.662,NULL,0,Non-MSA
movesdb20241112,28115,28,Pontotoc County,L,0,29.724,NULL,0,Non-MSA
movesdb20241112,28117,28,Prentiss County,L,0,29.678,NULL,0,Non-MSA
movesdb20241112,28119,28,Quitman County,L,0,29.822,NULL,0,Non-MSA
movesdb20241112,28121,28,Rankin County,L,0,29.755,NULL,1,Jackson; MS
movesdb20241112,28123,28,Scott County,L,0,29.795,NULL,0,Non-MSA
movesdb20241112,28125,28,Sharkey County,L,0,29.887,NULL,0,Non-MSA
movesdb20241112,28127,28,Simpson County,L,0,29.776,NULL,1,Jackson; MS
movesdb20241112,28129,28,Smith County,L,0,29.784,NULL,0,Non-MSA
movesdb20241112,28131,28,Stone County,L,0,29.94,NULL,0,Non-MSA
movesdb20241112,28133,28,Sunflower County,L,0,29.886,NULL,0,Non-MSA
movesdb20241112,28135,28,Tallahatchie County,L,0,29.863,NULL,0,Non-MSA
movesdb20241112,28137,28,Tate County,L,0,29.758,NULL,1,Memphis; TN-MS-AR
movesdb20241112,28139,28,Tippah County,L,0,29.698,NULL,0,Non-MSA
movesdb20241112,28141,28,Tishomingo County,L,0,29.652,NULL,0,Non-MSA
movesdb20241112,28143,28,Tunica County,L,0,29.78,NULL,1,Memphis; TN-MS-AR
movesdb20241112,28145,28,Union County,L,0,29.738,NULL,0,Non-MSA
movesdb20241112,28147,28,Walthall County,L,0,29.662,NULL,0,Non-MSA
movesdb20241112,28149,28,Warren County,L,0,29.939,NULL,0,Non-MSA
movesdb20241112,28151,28,Washington County,L,0,29.862,NULL,0,Non-MSA
movesdb20241112,28153,28,Wayne County,L,0,29.819,NULL,0,Non-MSA
movesdb20241112,28155,28,Webster County,L,0,29.809,NULL,0,Non-MSA
movesdb20241112,28157,28,Wilkinson County,L,0,29.899,NULL,0,Non-MSA
movesdb20241112,28159,28,Winston County,L,0,29.81,NULL,0,Non-MSA
movesdb20241112,28161,28,Yalobusha County,L,0,29.818,NULL,0,Non-MSA
movesdb20241112,28163,28,Yazoo County,L,0,29.874,NULL,1,Jackson; MS
movesdb20241112,29001,29,Adair County,L,0,29.018,NULL,0,Non-MSA
movesdb20241112,29003,29,Andrew County,L,0,29.031,NULL,1,St. Joseph; MO-KS
movesdb20241112,29005,29,Atchison County,L,0,28.903,NULL,0,Non-MSA
movesdb20241112,29007,29,Audrain County,L,0,29.146,NULL,0,Non-MSA
movesdb20241112,29009,29,Barry County,L,0,28.847,NULL,0,Non-MSA
movesdb20241112,29011,29,Barton County,L,0,28.964,NULL,0,Non-MSA
movesdb20241112,29013,29,Bates County,L,0,28.94,NULL,1,Kansas City; MO-KS
movesdb20241112,29015,29,Benton County,L,0,29.071,NULL,0,Non-MSA
movesdb20241112,29017,29,Bollinger County,L,0,29.571,NULL,1,Cape Girardeau; MO-IL
movesdb20241112,29019,29,Boone County,L,0,29.132,NULL,1,Columbia; MO
movesdb20241112,29021,29,Buchanan County,L,0,29.084,NULL,1,St. Joseph; MO-KS
movesdb20241112,29023,29,Butler County,L,0,29.609,NULL,0,Non-MSA
movesdb20241112,29025,29,Caldwell County,L,0,29.073,NULL,1,Kansas City; MO-KS
movesdb20241112,29027,29,Callaway County,L,0,29.11,NULL,1,Jefferson City; MO
movesdb20241112,29029,29,Camden County,L,0,29.112,NULL,0,Non-MSA
movesdb20241112,29031,29,Cape Girardeau County,L,0,29.641,NULL,1,Cape Girardeau; MO-IL
movesdb20241112,29033,29,Carroll County,L,0,29.211,NULL,0,Non-MSA
movesdb20241112,29035,29,Carter County,L,0,29.231,NULL,0,Non-MSA
movesdb20241112,29037,29,Cass County,L,0,28.975,NULL,1,Kansas City; MO-KS
movesdb20241112,29039,29,Cedar County,L,0,28.948,NULL,0,Non-MSA
movesdb20241112,29041,29,Chariton County,L,0,29.162,NULL,0,Non-MSA
movesdb20241112,29043,29,Christian County,L,0,28.707,NULL,1,Springfield; MO
movesdb20241112,29045,29,Clark County,L,0,29.174,NULL,0,Non-MSA
movesdb20241112,29047,29,Clay County,L,0,28.989,NULL,1,Kansas City; MO-KS
movesdb20241112,29049,29,Clinton County,L,0,29.138,NULL,1,Kansas City; MO-KS
movesdb20241112,29051,29,Cole County,L,0,29.167,NULL,1,Jefferson City; MO
movesdb20241112,29053,29,Cooper County,L,0,29.11,NULL,0,Non-MSA
movesdb20241112,29055,29,Crawford County,L,0,28.867,NULL,0,Non-MSA
movesdb20241112,29057,29,Dade County,L,0,28.883,NULL,0,Non-MSA
movesdb20241112,29059,29,Dallas County,L,0,28.958,NULL,1,Springfield; MO
movesdb20241112,29061,29,Daviess County,L,0,29.02,NULL,0,Non-MSA
movesdb20241112,29063,29,DeKalb County,L,0,29.082,NULL,1,St. Joseph; MO-KS
movesdb20241112,29065,29,Dent County,L,0,29.05,NULL,0,Non-MSA
movesdb20241112,29067,29,Douglas County,L,0,28.824,NULL,0,Non-MSA
movesdb20241112,29069,29,Dunklin County,L,0,29.695,NULL,0,Non-MSA
movesdb20241112,29071,29,Franklin County,L,0,29.226,NULL,1,St. Louis; MO-IL
movesdb20241112,29073,29,Gasconade County,L,0,29.128,NULL,0,Non-MSA
movesdb20241112,29075,29,Gentry County,L,0,29.004,NULL,0,Non-MSA
movesdb20241112,29077,29,Greene County,L,0,28.707,NULL,1,Springfield; MO
movesdb20241112,29079,29,Grundy County,L,0,28.905,NULL,0,Non-MSA
movesdb20241112,29081,29,Harrison County,L,0,28.9,NULL,0,Non-MSA
movesdb20241112,29083,29,Henry County,L,0,29.051,NULL,0,Non-MSA
movesdb20241112,29085,29,Hickory County,L,0,29.023,NULL,0,Non-MSA
movesdb20241112,29087,29,Holt County,L,0,28.972,NULL,0,Non-MSA
movesdb20241112,29089,29,Howard County,L,0,29.137,NULL,0,Non-MSA
movesdb20241112,29091,29,Howell County,L,0,28.884,NULL,0,Non-MSA
movesdb20241112,29093,29,Iron County,L,0,29.227,NULL,0,Non-MSA
movesdb20241112,29095,29,Jackson County,L,0,29.141,NULL,1,Kansas City; MO-KS
movesdb20241112,29097,29,Jasper County,L,0,29.008,NULL,1,Joplin; MO
movesdb20241112,29099,29,Jefferson County,L,0,29.46,NULL,1,St. Louis; MO-IL
movesdb20241112,29101,29,Johnson County,L,0,29.089,NULL,0,Non-MSA
movesdb20241112,29103,29,Knox County,L,0,29.022,NULL,0,Non-MSA
movesdb20241112,29105,29,Laclede County,L,0,29.01,NULL,0,Non-MSA
movesdb20241112,29107,29,Lafayette County,L,0,29.12,NULL,1,Kansas City; MO-KS
movesdb20241112,29109,29,Lawrence County,L,0,28.877,NULL,0,Non-MSA
movesdb20241112,29111,29,Lewis County,L,0,29.143,NULL,0,Non-MSA
movesdb20241112,29113,29,Lincoln County,L,0,29.236,NULL,1,St. Louis; MO-IL
movesdb20241112,29115,29,Linn County,L,0,29.092,NULL,0,Non-MSA
movesdb20241112,29117,29,Livingston County,L,0,29.122,NULL,0,Non-MSA
movesdb20241112,29119,29,McDonald County,L,0,28.923,NULL,1,Fayetteville-Springdale-Rogers; AR-MO
movesdb20241112,29121,29,Macon County,L,0,29.04,NULL,0,Non-MSA
movesdb20241112,29123,29,Madison County,L,0,29.475,NULL,0,Non-MSA
movesdb20241112,29125,29,Maries County,L,0,29.231,NULL,0,Non-MSA
movesdb20241112,29127,29,Marion County,L,0,29.191,NULL,0,Non-MSA
movesdb20241112,29129,29,Mercer County,L,0,28.811,NULL,0,Non-MSA
movesdb20241112,29131,29,Miller County,L,0,29.268,NULL,0,Non-MSA
movesdb20241112,29133,29,Mississippi County,L,0,29.682,NULL,0,Non-MSA
movesdb20241112,29135,29,Moniteau County,L,0,29.098,NULL,1,Jefferson City; MO
movesdb20241112,29137,29,Monroe County,L,0,29.115,NULL,0,Non-MSA
movesdb20241112,29139,29,Montgomery County,L,0,29.209,NULL,0,Non-MSA
movesdb20241112,29141,29,Morgan County,L,0,29.121,NULL,0,Non-MSA
movesdb20241112,29143,29,New Madrid County,L,0,29.699,NULL,0,Non-MSA
movesdb20241112,29145,29,Newton County,L,0,28.989,NULL,1,Joplin; MO
movesdb20241112,29147,29,Nodaway County,L,0,28.981,NULL,0,Non-MSA
movesdb20241112,29149,29,Oregon County,L,0,28.813,NULL,0,Non-MSA
movesdb20241112,29151,29,Osage County,L,0,29.24,NULL,1,Jefferson City; MO
movesdb20241112,29153,29,Ozark County,L,0,28.91,NULL,0,Non-MSA
movesdb20241112,29155,29,Pemiscot County,L,0,29.72,NULL,0,Non-MSA
movesdb20241112,29157,29,Perry County,L,0,29.566,NULL,0,Non-MSA
movesdb20241112,29159,29,Pettis County,L,0,29.101,NULL,0,Non-MSA
movesdb20241112,29161,29,Phelps County,L,0,29.008,NULL,0,Non-MSA
movesdb20241112,29163,29,Pike County,L,0,29.211,NULL,0,Non-MSA
movesdb20241112,29165,29,Platte County,L,0,29.075,NULL,1,Kansas City; MO-KS
movesdb20241112,29167,29,Polk County,L,0,28.879,NULL,1,Springfield; MO
movesdb20241112,29169,29,Pulaski County,L,0,29.14,NULL,0,Non-MSA
movesdb20241112,29171,29,Putnam County,L,0,28.956,NULL,0,Non-MSA
movesdb20241112,29173,29,Ralls County,L,0,29.203,NULL,0,Non-MSA
movesdb20241112,29175,29,Randolph County,L,0,29.114,NULL,0,Non-MSA
movesdb20241112,29177,29,Ray County,L,0,29.05,NULL,1,Kansas City; MO-KS
movesdb20241112,29179,29,Reynolds County,L,0,29.195,NULL,0,Non-MSA
movesdb20241112,29181,29,Ripley County,L,0,29.349,NULL,0,Non-MSA
movesdb20241112,29183,29,St. Charles County,L,0,29.329,NULL,1,St. Louis; MO-IL
movesdb20241112,29185,29,St. Clair County,L,0,28.995,NULL,0,Non-MSA
movesdb20241112,29186,29,Ste. Genevieve County,L,0,29.531,NULL,0,Non-MSA
movesdb20241112,29187,29,St. Francois County,L,0,29.308,NULL,0,Non-MSA
movesdb20241112,29189,29,St. Louis County,L,0,29.382,NULL,1,St. Louis; MO-IL
movesdb20241112,29195,29,Saline County,L,0,29.151,NULL,0,Non-MSA
movesdb20241112,29197,29,Schuyler County,L,0,29.04,NULL,0,Non-MSA
movesdb20241112,29199,29,Scotland County,L,0,29.08,NULL,0,Non-MSA
movesdb20241112,29201,29,Scott County,L,0,29.677,NULL,0,Non-MSA
movesdb20241112,29203,29,Shannon County,L,0,29.027,NULL,0,Non-MSA
movesdb20241112,29205,29,Shelby County,L,0,29.061,NULL,0,Non-MSA
movesdb20241112,29207,29,Stoddard County,L,0,29.646,NULL,0,Non-MSA
movesdb20241112,29209,29,Stone County,L,0,28.756,NULL,0,Non-MSA
movesdb20241112,29211,29,Sullivan County,L,0,28.949,NULL,0,Non-MSA
movesdb20241112,29213,29,Taney County,L,0,28.779,NULL,0,Non-MSA
movesdb20241112,29215,29,Texas County,L,0,29.015,NULL,0,Non-MSA
movesdb20241112,29217,29,Vernon County,L,0,28.977,NULL,0,Non-MSA
movesdb20241112,29219,29,Warren County,L,0,29.205,NULL,1,St. Louis; MO-IL
movesdb20241112,29221,29,Washington County,L,0,29.262,NULL,0,Non-MSA
movesdb20241112,29223,29,Wayne County,L,0,29.456,NULL,0,Non-MSA
movesdb20241112,29225,29,Webster County,L,0,28.769,NULL,1,Springfield; MO
movesdb20241112,29227,29,Worth County,L,0,28.968,NULL,0,Non-MSA
movesdb20241112,29229,29,Wright County,L,0,28.898,NULL,0,Non-MSA
movesdb20241112,29510,29,St. Louis city,L,0,29.36,NULL,1,St. Louis; MO-IL
movesdb20241112,30001,30,Beaverhead County,L,1,24.836,NULL,0,Non-MSA
movesdb20241112,30003,30,Big Horn County,L,1,26.287,NULL,0,Non-MSA
movesdb20241112,30005,30,Blaine County,L,1,27.194,NULL,0,Non-MSA
movesdb20241112,30007,30,Broadwater County,L,1,26.035,NULL,0,Non-MSA
movesdb20241112,30009,30,Carbon County,L,1,25.66,NULL,1,Billings; MT
movesdb20241112,30011,30,Carter County,L,1,26.838,NULL,0,Non-MSA
movesdb20241112,30013,30,Cascade County,L,1,26.215,NULL,1,Great Falls; MT
movesdb20241112,30015,30,Chouteau County,L,1,26.558,NULL,0,Non-MSA
movesdb20241112,30017,30,Custer County,L,1,27.209,NULL,0,Non-MSA
movesdb20241112,30019,30,Daniels County,L,1,27.774,NULL,0,Non-MSA
movesdb20241112,30021,30,Dawson County,L,1,27.392,NULL,0,Non-MSA
movesdb20241112,30023,30,Deer Lodge County,L,1,25.549,NULL,0,Non-MSA
movesdb20241112,30025,30,Fallon County,L,1,26.959,NULL,0,Non-MSA
movesdb20241112,30027,30,Fergus County,L,1,25.791,NULL,0,Non-MSA
movesdb20241112,30029,30,Flathead County,L,1,26.884,NULL,0,Non-MSA
movesdb20241112,30031,30,Gallatin County,L,1,25.197,NULL,0,Non-MSA
movesdb20241112,30033,30,Garfield County,L,1,27.202,NULL,0,Non-MSA
movesdb20241112,30035,30,Glacier County,L,1,26.203,NULL,0,Non-MSA
movesdb20241112,30037,30,Golden Valley County,L,1,25.973,NULL,1,Billings; MT
movesdb20241112,30039,30,Granite County,L,1,26.343,NULL,0,Non-MSA
movesdb20241112,30041,30,Hill County,L,1,27.034,NULL,0,Non-MSA
movesdb20241112,30043,30,Jefferson County,L,1,25.489,NULL,0,Non-MSA
movesdb20241112,30045,30,Judith Basin County,L,1,26.069,NULL,0,Non-MSA
movesdb20241112,30047,30,Lake County,L,1,26.273,NULL,0,Non-MSA
movesdb20241112,30049,30,Lewis and Clark County,L,1,25.933,NULL,0,Non-MSA
movesdb20241112,30051,30,Liberty County,L,1,26.393,NULL,0,Non-MSA
movesdb20241112,30053,30,Lincoln County,L,1,26.314,NULL,0,Non-MSA
movesdb20241112,30055,30,McCone County,L,1,27.61,NULL,0,Non-MSA
movesdb20241112,30057,30,Madison County,L,1,24.733,NULL,0,Non-MSA
movesdb20241112,30059,30,Meagher County,L,1,26.001,NULL,0,Non-MSA
movesdb20241112,30061,30,Mineral County,L,1,24.584,NULL,0,Non-MSA
movesdb20241112,30063,30,Missoula County,L,1,26.349,NULL,1,Missoula; MT
movesdb20241112,30065,30,Musselshell County,L,1,26.173,NULL,0,Non-MSA
movesdb20241112,30067,30,Park County,L,1,25.384,NULL,0,Non-MSA
movesdb20241112,30069,30,Petroleum County,L,1,26.302,NULL,0,Non-MSA
movesdb20241112,30071,30,Phillips County,L,1,27.129,NULL,0,Non-MSA
movesdb20241112,30073,30,Pondera County,L,1,26.056,NULL,0,Non-MSA
movesdb20241112,30075,30,Powder River County,L,1,26.528,NULL,0,Non-MSA
movesdb20241112,30077,30,Powell County,L,1,25.876,NULL,0,Non-MSA
movesdb20241112,30079,30,Prairie County,L,1,27.266,NULL,0,Non-MSA
movesdb20241112,30081,30,Ravalli County,L,1,26.46,NULL,0,Non-MSA
movesdb20241112,30083,30,Richland County,L,1,27.708,NULL,0,Non-MSA
movesdb20241112,30085,30,Roosevelt County,L,1,27.859,NULL,0,Non-MSA
movesdb20241112,30087,30,Rosebud County,L,1,26.756,NULL,0,Non-MSA
movesdb20241112,30089,30,Sanders County,L,1,24.972,NULL,0,Non-MSA
movesdb20241112,30091,30,Sheridan County,L,1,27.815,NULL,0,Non-MSA
movesdb20241112,30093,30,Silver Bow County,L,1,25.081,NULL,0,Non-MSA
movesdb20241112,30095,30,Stillwater County,L,1,25.585,NULL,0,Non-MSA
movesdb20241112,30097,30,Sweet Grass County,L,1,25.574,NULL,0,Non-MSA
movesdb20241112,30099,30,Teton County,L,1,26.182,NULL,0,Non-MSA
movesdb20241112,30101,30,Toole County,L,1,26.105,NULL,0,Non-MSA
movesdb20241112,30103,30,Treasure County,L,1,26.624,NULL,0,Non-MSA
movesdb20241112,30105,30,Valley County,L,1,27.574,NULL,0,Non-MSA
movesdb20241112,30107,30,Wheatland County,L,1,25.89,NULL,0,Non-MSA
movesdb20241112,30109,30,Wibaux County,L,1,27.277,NULL,0,Non-MSA
movesdb20241112,30111,30,Yellowstone County,L,1,26.163,NULL,1,Billings; MT
movesdb20241112,31001,31,Adams County,L,0,28.021,NULL,0,Non-MSA
movesdb20241112,31003,31,Antelope County,L,0,28.179,NULL,0,Non-MSA
movesdb20241112,31005,31,Arthur County,L,0,26.319,NULL,0,Non-MSA
movesdb20241112,31007,31,Banner County,L,1,25.755,NULL,0,Non-MSA
movesdb20241112,31009,31,Blaine County,L,0,27.296,NULL,0,Non-MSA
movesdb20241112,31011,31,Boone County,L,0,28.124,NULL,0,Non-MSA
movesdb20241112,31013,31,Box Butte County,L,1,26.217,NULL,0,Non-MSA
movesdb20241112,31015,31,Boyd County,L,0,28.092,NULL,0,Non-MSA
movesdb20241112,31017,31,Brown County,L,0,27.43,NULL,0,Non-MSA
movesdb20241112,31019,31,Buffalo County,L,0,27.638,NULL,0,Non-MSA
movesdb20241112,31021,31,Burt County,L,0,28.785,NULL,0,Non-MSA
movesdb20241112,31023,31,Butler County,L,0,28.446,NULL,0,Non-MSA
movesdb20241112,31025,31,Cass County,L,0,28.822,NULL,1,Omaha-Council Bluffs; NE-IA
movesdb20241112,31027,31,Cedar County,L,0,28.546,NULL,0,Non-MSA
movesdb20241112,31029,31,Chase County,L,0,26.446,NULL,0,Non-MSA
movesdb20241112,31031,31,Cherry County,L,0,27.067,NULL,0,Non-MSA
movesdb20241112,31033,31,Cheyenne County,L,1,25.699,NULL,0,Non-MSA
movesdb20241112,31035,31,Clay County,L,0,28.062,NULL,0,Non-MSA
movesdb20241112,31037,31,Colfax County,L,0,28.395,NULL,0,Non-MSA
movesdb20241112,31039,31,Cuming County,L,0,28.628,NULL,0,Non-MSA
movesdb20241112,31041,31,Custer County,L,0,27.347,NULL,0,Non-MSA
movesdb20241112,31043,31,Dakota County,L,0,28.734,NULL,1,Sioux City; IA-NE-SD
movesdb20241112,31045,31,Dawes County,L,1,26.36,NULL,0,Non-MSA
movesdb20241112,31047,31,Dawson County,L,0,27.301,NULL,0,Non-MSA
movesdb20241112,31049,31,Deuel County,L,1,25.758,NULL,0,Non-MSA
movesdb20241112,31051,31,Dixon County,L,0,28.634,NULL,1,Sioux City; IA-NE-SD
movesdb20241112,31053,31,Dodge County,L,0,28.723,NULL,0,Non-MSA
movesdb20241112,31055,31,Douglas County,L,0,28.895,NULL,1,Omaha-Council Bluffs; NE-IA
movesdb20241112,31057,31,Dundy County,L,0,26.465,NULL,0,Non-MSA
movesdb20241112,31059,31,Fillmore County,L,0,28.191,NULL,0,Non-MSA
movesdb20241112,31061,31,Franklin County,L,0,27.764,NULL,0,Non-MSA
movesdb20241112,31063,31,Frontier County,L,0,27.117,NULL,0,Non-MSA
movesdb20241112,31065,31,Furnas County,L,0,27.339,NULL,0,Non-MSA
movesdb20241112,31067,31,Gage County,L,0,28.707,NULL,0,Non-MSA
movesdb20241112,31069,31,Garden County,L,1,25.99,NULL,0,Non-MSA
movesdb20241112,31071,31,Garfield County,L,0,27.683,NULL,0,Non-MSA
movesdb20241112,31073,31,Gosper County,L,0,27.312,NULL,0,Non-MSA
movesdb20241112,31075,31,Grant County,L,0,26.315,NULL,0,Non-MSA
movesdb20241112,31077,31,Greeley County,L,0,27.844,NULL,0,Non-MSA
movesdb20241112,31079,31,Hall County,L,0,27.954,NULL,1,Grand Island; NE
movesdb20241112,31081,31,Hamilton County,L,0,28.071,NULL,1,Grand Island; NE
movesdb20241112,31083,31,Harlan County,L,0,27.514,NULL,0,Non-MSA
movesdb20241112,31085,31,Hayes County,L,0,26.749,NULL,0,Non-MSA
movesdb20241112,31087,31,Hitchcock County,L,0,26.768,NULL,0,Non-MSA
movesdb20241112,31089,31,Holt County,L,0,27.875,NULL,0,Non-MSA
movesdb20241112,31091,31,Hooker County,L,0,26.939,NULL,0,Non-MSA
movesdb20241112,31093,31,Howard County,L,0,27.834,NULL,1,Grand Island; NE
movesdb20241112,31095,31,Jefferson County,L,0,28.571,NULL,0,Non-MSA
movesdb20241112,31097,31,Johnson County,L,0,28.756,NULL,0,Non-MSA
movesdb20241112,31099,31,Kearney County,L,0,27.794,NULL,0,Non-MSA
movesdb20241112,31101,31,Keith County,L,1,26.299,NULL,0,Non-MSA
movesdb20241112,31103,31,Keya Paha County,L,0,27.71,NULL,0,Non-MSA
movesdb20241112,31105,31,Kimball County,L,1,25.454,NULL,0,Non-MSA
movesdb20241112,31107,31,Knox County,L,0,28.351,NULL,0,Non-MSA
movesdb20241112,31109,31,Lancaster County,L,0,28.697,NULL,1,Lincoln; NE
movesdb20241112,31111,31,Lincoln County,L,0,27.044,NULL,0,Non-MSA
movesdb20241112,31113,31,Logan County,L,0,27.046,NULL,0,Non-MSA
movesdb20241112,31115,31,Loup County,L,0,27.497,NULL,0,Non-MSA
movesdb20241112,31117,31,McPherson County,L,0,26.834,NULL,0,Non-MSA
movesdb20241112,31119,31,Madison County,L,0,28.388,NULL,0,Non-MSA
movesdb20241112,31121,31,Merrick County,L,0,28.064,NULL,1,Grand Island; NE
movesdb20241112,31123,31,Morrill County,L,1,25.952,NULL,0,Non-MSA
movesdb20241112,31125,31,Nance County,L,0,28.11,NULL,0,Non-MSA
movesdb20241112,31127,31,Nemaha County,L,0,28.865,NULL,0,Non-MSA
movesdb20241112,31129,31,Nuckolls County,L,0,28.032,NULL,0,Non-MSA
movesdb20241112,31131,31,Otoe County,L,0,28.807,NULL,0,Non-MSA
movesdb20241112,31133,31,Pawnee County,L,0,28.802,NULL,0,Non-MSA
movesdb20241112,31135,31,Perkins County,L,0,26.405,NULL,0,Non-MSA
movesdb20241112,31137,31,Phelps County,L,0,27.571,NULL,0,Non-MSA
movesdb20241112,31139,31,Pierce County,L,0,28.326,NULL,0,Non-MSA
movesdb20241112,31141,31,Platte County,L,0,28.365,NULL,0,Non-MSA
movesdb20241112,31143,31,Polk County,L,0,28.289,NULL,0,Non-MSA
movesdb20241112,31145,31,Red Willow County,L,0,27.284,NULL,0,Non-MSA
movesdb20241112,31147,31,Richardson County,L,0,28.934,NULL,0,Non-MSA
movesdb20241112,31149,31,Rock County,L,0,27.65,NULL,0,Non-MSA
movesdb20241112,31151,31,Saline County,L,0,28.545,NULL,0,Non-MSA
movesdb20241112,31153,31,Sarpy County,L,0,28.87,NULL,1,Omaha-Council Bluffs; NE-IA
movesdb20241112,31155,31,Saunders County,L,0,28.738,NULL,1,Omaha-Council Bluffs; NE-IA
movesdb20241112,31157,31,Scotts Bluff County,L,1,25.72,NULL,0,Non-MSA
movesdb20241112,31159,31,Seward County,L,0,28.508,NULL,1,Lincoln; NE
movesdb20241112,31161,31,Sheridan County,L,1,26.337,NULL,0,Non-MSA
movesdb20241112,31163,31,Sherman County,L,0,27.617,NULL,0,Non-MSA
movesdb20241112,31165,31,Sioux County,L,1,25.836,NULL,0,Non-MSA
movesdb20241112,31167,31,Stanton County,L,0,28.459,NULL,0,Non-MSA
movesdb20241112,31169,31,Thayer County,L,0,28.22,NULL,0,Non-MSA
movesdb20241112,31171,31,Thomas County,L,0,27.105,NULL,0,Non-MSA
movesdb20241112,31173,31,Thurston County,L,0,28.754,NULL,0,Non-MSA
movesdb20241112,31175,31,Valley County,L,0,27.69,NULL,0,Non-MSA
movesdb20241112,31177,31,Washington County,L,0,28.917,NULL,1,Omaha-Council Bluffs; NE-IA
movesdb20241112,31179,31,Wayne County,L,0,28.561,NULL,0,Non-MSA
movesdb20241112,31181,31,Webster County,L,0,27.966,NULL,0,Non-MSA
movesdb20241112,31183,31,Wheeler County,L,0,27.949,NULL,0,Non-MSA
movesdb20241112,31185,31,York County,L,0,28.223,NULL,0,Non-MSA
movesdb20241112,32001,32,Churchill County,H,0,25.929,NULL,0,Non-MSA
movesdb20241112,32003,32,Clark County,H,0,27.623,NULL,1,Las Vegas-Henderson-Paradise; NV
movesdb20241112,32005,32,Douglas County,H,0,25.734,NULL,0,Non-MSA
movesdb20241112,32007,32,Elko County,H,1,25.121,NULL,0,Non-MSA
movesdb20241112,32009,32,Esmeralda County,H,0,25.588,NULL,0,Non-MSA
movesdb20241112,32011,32,Eureka County,H,1,24.756,NULL,0,Non-MSA
movesdb20241112,32013,32,Humboldt County,H,1,25.753,NULL,0,Non-MSA
movesdb20241112,32015,32,Lander County,H,1,25.394,NULL,0,Non-MSA
movesdb20241112,32017,32,Lincoln County,H,1,24.947,NULL,0,Non-MSA
movesdb20241112,32019,32,Lyon County,H,0,25.599,NULL,0,Non-MSA
movesdb20241112,32021,32,Mineral County,H,0,26.163,NULL,0,Non-MSA
movesdb20241112,32023,32,Nye County,H,0,24.785,NULL,0,Non-MSA
movesdb20241112,32027,32,Pershing County,H,0,25.871,NULL,0,Non-MSA
movesdb20241112,32029,32,Storey County,H,0,25.615,NULL,1,Reno; NV
movesdb20241112,32031,32,Washoe County,H,0,25.88,NULL,1,Reno; NV
movesdb20241112,32033,32,White Pine County,H,1,24.085,NULL,0,Non-MSA
movesdb20241112,32510,32,Carson City,H,0,25.616,NULL,1,Carson City; NV
movesdb20241112,33001,33,Belknap County,L,0,29.417,NULL,0,Non-MSA
movesdb20241112,33003,33,Carroll County,L,0,29.168,NULL,0,Non-MSA
movesdb20241112,33005,33,Cheshire County,L,0,29.32,NULL,0,Non-MSA
movesdb20241112,33007,33,Coos County,L,0,28.901,NULL,0,Non-MSA
movesdb20241112,33009,33,Grafton County,L,0,29.094,NULL,0,Non-MSA
movesdb20241112,33011,33,Hillsborough County,L,0,29.558,NULL,1,Manchester-Nashua; NH
movesdb20241112,33013,33,Merrimack County,L,0,29.451,NULL,0,Non-MSA
movesdb20241112,33015,33,Rockingham County,L,0,29.641,NULL,1,Boston-Cambridge-Newton; MA-NH
movesdb20241112,33017,33,Strafford County,L,0,29.622,NULL,1,Boston-Cambridge-Newton; MA-NH
movesdb20241112,33019,33,Sullivan County,L,0,29.388,NULL,0,Non-MSA
movesdb20241112,34001,34,Atlantic County,L,0,29.951,NULL,1,Atlantic City-Hammonton; NJ
movesdb20241112,34003,34,Bergen County,L,0,29.732,NULL,1,New York-Newark-Jersey City; NY-NJ-PA
movesdb20241112,34005,34,Burlington County,L,0,29.873,NULL,1,Philadelphia-Camden-Wilmington; PA-NJ-DE-MD
movesdb20241112,34007,34,Camden County,L,0,29.877,NULL,1,Philadelphia-Camden-Wilmington; PA-NJ-DE-MD
movesdb20241112,34009,34,Cape May County,L,0,29.964,NULL,1,Ocean City; NJ
movesdb20241112,34011,34,Cumberland County,L,0,29.98,NULL,1,Vineland-Bridgeton; NJ
movesdb20241112,34013,34,Essex County,L,0,29.696,NULL,1,New York-Newark-Jersey City; NY-NJ-PA
movesdb20241112,34015,34,Gloucester County,L,0,29.92,NULL,1,Philadelphia-Camden-Wilmington; PA-NJ-DE-MD
movesdb20241112,34017,34,Hudson County,L,0,29.812,NULL,1,New York-Newark-Jersey City; NY-NJ-PA
movesdb20241112,34019,34,Hunterdon County,L,0,29.542,NULL,1,New York-Newark-Jersey City; NY-NJ-PA
movesdb20241112,34021,34,Mercer County,L,0,29.764,NULL,1,Trenton; NJ
movesdb20241112,34023,34,Middlesex County,L,0,29.868,NULL,1,New York-Newark-Jersey City; NY-NJ-PA
movesdb20241112,34025,34,Monmouth County,L,0,29.931,NULL,1,New York-Newark-Jersey City; NY-NJ-PA
movesdb20241112,34027,34,Morris County,L,0,29.483,NULL,1,New York-Newark-Jersey City; NY-NJ-PA
movesdb20241112,34029,34,Ocean County,L,0,29.917,NULL,1,New York-Newark-Jersey City; NY-NJ-PA
movesdb20241112,34031,34,Passaic County,L,0,29.607,NULL,1,New York-Newark-Jersey City; NY-NJ-PA
movesdb20241112,34033,34,Salem County,L,0,29.933,NULL,1,Philadelphia-Camden-Wilmington; PA-NJ-DE-MD
movesdb20241112,34035,34,Somerset County,L,0,29.72,NULL,1,New York-Newark-Jersey City; NY-NJ-PA
movesdb20241112,34037,34,Sussex County,L,0,29.275,NULL,1,New York-Newark-Jersey City; NY-NJ-PA
movesdb20241112,34039,34,Union County,L,0,29.805,NULL,1,New York-Newark-Jersey City; NY-NJ-PA
movesdb20241112,34041,34,Warren County,L,0,28.997,NULL,1,Allentown-Bethlehem-Easton; PA-NJ
movesdb20241112,35001,35,Bernalillo County,H,1,24.568,NULL,1,Albuquerque; NM
movesdb20241112,35003,35,Catron County,H,1,24.745,NULL,0,Non-MSA
movesdb20241112,35005,35,Chaves County,H,1,26.255,NULL,0,Non-MSA
movesdb20241112,35006,35,Cibola County,H,1,23.869,NULL,0,Non-MSA
movesdb20241112,35007,35,Colfax County,H,1,23.852,NULL,0,Non-MSA
movesdb20241112,35009,35,Curry County,H,1,25.862,NULL,0,Non-MSA
movesdb20241112,35011,35,De Baca County,H,1,25.379,NULL,0,Non-MSA
movesdb20241112,35013,35,Dona Ana County,H,1,25.725,NULL,1,Las Cruces; NM
movesdb20241112,35015,35,Eddy County,H,1,26.582,NULL,0,Non-MSA
movesdb20241112,35017,35,Grant County,H,1,25.757,NULL,0,Non-MSA
movesdb20241112,35019,35,Guadalupe County,H,1,24.097,NULL,0,Non-MSA
movesdb20241112,35021,35,Harding County,H,1,24.637,NULL,0,Non-MSA
movesdb20241112,35023,35,Hidalgo County,H,1,26.108,NULL,0,Non-MSA
movesdb20241112,35025,35,Lea County,H,1,26.637,NULL,0,Non-MSA
movesdb20241112,35027,35,Lincoln County,H,1,25.406,NULL,0,Non-MSA
movesdb20241112,35028,35,Los Alamos County,H,1,23.904,NULL,0,Non-MSA
movesdb20241112,35029,35,Luna County,H,1,25.685,NULL,0,Non-MSA
movesdb20241112,35031,35,McKinley County,H,1,23.774,NULL,0,Non-MSA
movesdb20241112,35033,35,Mora County,H,1,23.775,NULL,0,Non-MSA
movesdb20241112,35035,35,Otero County,H,1,25.726,NULL,0,Non-MSA
movesdb20241112,35037,35,Quay County,H,1,25.759,NULL,0,Non-MSA
movesdb20241112,35039,35,Rio Arriba County,H,1,23.688,NULL,0,Non-MSA
movesdb20241112,35041,35,Roosevelt County,H,1,25.799,NULL,0,Non-MSA
movesdb20241112,35043,35,Sandoval County,H,1,24.114,NULL,1,Albuquerque; NM
movesdb20241112,35045,35,San Juan County,H,1,24.458,NULL,1,Farmington; NM
movesdb20241112,35047,35,San Miguel County,H,1,23.418,NULL,0,Non-MSA
movesdb20241112,35049,35,Santa Fe County,H,1,23.816,NULL,1,Santa Fe; NM
movesdb20241112,35051,35,Sierra County,H,1,25.21,NULL,0,Non-MSA
movesdb20241112,35053,35,Socorro County,H,1,24.608,NULL,0,Non-MSA
movesdb20241112,35055,35,Taos County,H,1,23.509,NULL,0,Non-MSA
movesdb20241112,35057,35,Torrance County,H,1,24.442,NULL,1,Albuquerque; NM
movesdb20241112,35059,35,Union County,H,1,24.845,NULL,0,Non-MSA
movesdb20241112,35061,35,Valencia County,H,1,24.475,NULL,1,Albuquerque; NM
movesdb20241112,36001,36,Albany County,L,0,29.601,NULL,1,Albany-Schenectady-Troy; NY
movesdb20241112,36003,36,Allegany County,L,0,28.675,NULL,0,Non-MSA
movesdb20241112,36005,36,Bronx County,L,0,29.787,NULL,1,New York-Newark-Jersey City; NY-NJ-PA
movesdb20241112,36007,36,Broome County,L,0,28.555,NULL,1,Binghamton; NY
movesdb20241112,36009,36,Cattaraugus County,L,0,29.025,NULL,0,Non-MSA
movesdb20241112,36011,36,Cayuga County,L,0,29.432,NULL,0,Non-MSA
movesdb20241112,36013,36,Chautauqua County,L,0,29.251,NULL,0,Non-MSA
movesdb20241112,36015,36,Chemung County,L,0,28.958,NULL,1,Elmira; NY
movesdb20241112,36017,36,Chenango County,L,0,28.732,NULL,0,Non-MSA
movesdb20241112,36019,36,Clinton County,L,0,29.332,NULL,0,Non-MSA
movesdb20241112,36021,36,Columbia County,L,0,29.43,NULL,0,Non-MSA
movesdb20241112,36023,36,Cortland County,L,0,29.165,NULL,0,Non-MSA
movesdb20241112,36025,36,Delaware County,L,0,28.82,NULL,0,Non-MSA
movesdb20241112,36027,36,Dutchess County,L,0,29.527,NULL,1,New York-Newark-Jersey City; NY-NJ-PA
movesdb20241112,36029,36,Erie County,L,0,29.333,NULL,1,Buffalo-Cheektowaga-Niagara Falls; NY
movesdb20241112,36031,36,Essex County,L,0,28.776,NULL,0,Non-MSA
movesdb20241112,36033,36,Franklin County,L,0,29.566,NULL,0,Non-MSA
movesdb20241112,36035,36,Fulton County,L,0,29.381,NULL,0,Non-MSA
movesdb20241112,36037,36,Genesee County,L,0,29.336,NULL,0,Non-MSA
movesdb20241112,36039,36,Greene County,L,0,29.41,NULL,0,Non-MSA
movesdb20241112,36041,36,Hamilton County,L,0,29.154,NULL,0,Non-MSA
movesdb20241112,36043,36,Herkimer County,L,0,29.301,NULL,1,Utica-Rome; NY
movesdb20241112,36045,36,Jefferson County,L,0,29.581,NULL,1,Watertown-Fort Drum; NY
movesdb20241112,36047,36,Kings County,L,0,29.872,NULL,1,New York-Newark-Jersey City; NY-NJ-PA
movesdb20241112,36049,36,Lewis County,L,0,29.491,NULL,0,Non-MSA
movesdb20241112,36051,36,Livingston County,L,0,29.269,NULL,1,Rochester; NY
movesdb20241112,36053,36,Madison County,L,0,29.398,NULL,1,Syracuse; NY
movesdb20241112,36055,36,Monroe County,L,0,29.382,NULL,1,Rochester; NY
movesdb20241112,36057,36,Montgomery County,L,0,29.347,NULL,0,Non-MSA
movesdb20241112,36059,36,Nassau County,L,0,29.833,NULL,1,New York-Newark-Jersey City; NY-NJ-PA
movesdb20241112,36061,36,New York County,L,0,29.817,NULL,1,New York-Newark-Jersey City; NY-NJ-PA
movesdb20241112,36063,36,Niagara County,L,0,29.367,NULL,1,Buffalo-Cheektowaga-Niagara Falls; NY
movesdb20241112,36065,36,Oneida County,L,0,29.411,NULL,1,Utica-Rome; NY
movesdb20241112,36067,36,Onondaga County,L,0,29.554,NULL,1,Syracuse; NY
movesdb20241112,36069,36,Ontario County,L,0,29.332,NULL,1,Rochester; NY
movesdb20241112,36071,36,Orange County,L,0,29.589,NULL,1,New York-Newark-Jersey City; NY-NJ-PA
movesdb20241112,36073,36,Orleans County,L,0,29.369,NULL,1,Rochester; NY
movesdb20241112,36075,36,Oswego County,L,0,29.559,NULL,1,Syracuse; NY
movesdb20241112,36077,36,Otsego County,L,0,29.055,NULL,0,Non-MSA
movesdb20241112,36079,36,Putnam County,L,0,29.778,NULL,1,New York-Newark-Jersey City; NY-NJ-PA
movesdb20241112,36081,36,Queens County,L,0,29.857,NULL,1,New York-Newark-Jersey City; NY-NJ-PA
movesdb20241112,36083,36,Rensselaer County,L,0,29.51,NULL,1,Albany-Schenectady-Troy; NY
movesdb20241112,36085,36,Richmond County,L,0,29.864,NULL,1,New York-Newark-Jersey City; NY-NJ-PA
movesdb20241112,36087,36,Rockland County,L,0,29.643,NULL,1,New York-Newark-Jersey City; NY-NJ-PA
movesdb20241112,36089,36,St. Lawrence County,L,0,29.72,NULL,0,Non-MSA
movesdb20241112,36091,36,Saratoga County,L,0,29.559,NULL,1,Albany-Schenectady-Troy; NY
movesdb20241112,36093,36,Schenectady County,L,0,29.542,NULL,1,Albany-Schenectady-Troy; NY
movesdb20241112,36095,36,Schoharie County,L,0,29.319,NULL,1,Albany-Schenectady-Troy; NY
movesdb20241112,36097,36,Schuyler County,L,0,29.108,NULL,0,Non-MSA
movesdb20241112,36099,36,Seneca County,L,0,29.236,NULL,0,Non-MSA
movesdb20241112,36101,36,Steuben County,L,0,29.21,NULL,0,Non-MSA
movesdb20241112,36103,36,Suffolk County,L,0,29.912,NULL,1,New York-Newark-Jersey City; NY-NJ-PA
movesdb20241112,36105,36,Sullivan County,L,0,29.09,NULL,0,Non-MSA
movesdb20241112,36107,36,Tioga County,L,0,28.967,NULL,1,Binghamton; NY
movesdb20241112,36109,36,Tompkins County,L,0,29.052,NULL,1,Ithaca; NY
movesdb20241112,36111,36,Ulster County,L,0,29.378,NULL,1,Kingston; NY
movesdb20241112,36113,36,Warren County,L,0,29.375,NULL,1,Glens Falls; NY
movesdb20241112,36115,36,Washington County,L,0,29.647,NULL,1,Glens Falls; NY
movesdb20241112,36117,36,Wayne County,L,0,29.395,NULL,1,Rochester; NY
movesdb20241112,36119,36,Westchester County,L,0,29.701,NULL,1,New York-Newark-Jersey City; NY-NJ-PA
movesdb20241112,36121,36,Wyoming County,L,0,29.171,NULL,0,Non-MSA
movesdb20241112,36123,36,Yates County,L,0,29.219,NULL,1,Rochester; NY
movesdb20241112,37001,37,Alamance County,L,0,29.311,NULL,1,Burlington; NC
movesdb20241112,37003,37,Alexander County,L,0,28.736,NULL,1,Hickory-Lenoir-Morganton; NC
movesdb20241112,37005,37,Alleghany County,L,0,28.322,NULL,0,Non-MSA
movesdb20241112,37007,37,Anson County,L,0,29.387,NULL,0,Non-MSA
movesdb20241112,37009,37,Ashe County,L,0,28.306,NULL,0,Non-MSA
movesdb20241112,37011,37,Avery County,L,0,28.436,NULL,0,Non-MSA
movesdb20241112,37013,37,Beaufort County,L,0,29.988,NULL,0,Non-MSA
movesdb20241112,37015,37,Bertie County,L,0,29.898,NULL,0,Non-MSA
movesdb20241112,37017,37,Bladen County,L,0,29.881,NULL,0,Non-MSA
movesdb20241112,37019,37,Brunswick County,L,0,29.997,NULL,1,Myrtle Beach-Conway-North Myrtle Beach; SC-NC
movesdb20241112,37021,37,Buncombe County,L,0,28.252,NULL,1,Asheville; NC
movesdb20241112,37023,37,Burke County,L,0,28.659,NULL,1,Hickory-Lenoir-Morganton; NC
movesdb20241112,37025,37,Cabarrus County,L,0,29.195,NULL,1,Charlotte-Concord-Gastonia; NC-SC
movesdb20241112,37027,37,Caldwell County,L,0,28.607,NULL,1,Hickory-Lenoir-Morganton; NC
movesdb20241112,37029,37,Camden County,L,0,30.008,NULL,0,Non-MSA
movesdb20241112,37031,37,Carteret County,L,0,30.062,NULL,0,Non-MSA
movesdb20241112,37033,37,Caswell County,L,0,29.405,NULL,0,Non-MSA
movesdb20241112,37035,37,Catawba County,L,0,28.784,NULL,1,Hickory-Lenoir-Morganton; NC
movesdb20241112,37037,37,Chatham County,L,0,29.491,NULL,1,Durham-Chapel Hill; NC
movesdb20241112,37039,37,Cherokee County,L,0,28.932,NULL,0,Non-MSA
movesdb20241112,37041,37,Chowan County,L,0,29.978,NULL,0,Non-MSA
movesdb20241112,37043,37,Clay County,L,0,28.925,NULL,0,Non-MSA
movesdb20241112,37045,37,Cleveland County,L,0,28.863,NULL,0,Non-MSA
movesdb20241112,37047,37,Columbus County,L,0,29.928,NULL,0,Non-MSA
movesdb20241112,37049,37,Craven County,L,0,30.08,NULL,1,New Bern; NC
movesdb20241112,37051,37,Cumberland County,L,0,29.698,NULL,1,Fayetteville; NC
movesdb20241112,37053,37,Currituck County,L,0,30.007,NULL,1,Virginia Beach-Norfolk-Newport News; VA-NC
movesdb20241112,37055,37,Dare County,L,0,30.037,NULL,0,Non-MSA
movesdb20241112,37057,37,Davidson County,L,0,29.056,NULL,1,Winston-Salem; NC
movesdb20241112,37059,37,Davie County,L,0,28.988,NULL,1,Winston-Salem; NC
movesdb20241112,37061,37,Duplin County,L,0,29.879,NULL,0,Non-MSA
movesdb20241112,37063,37,Durham County,L,0,29.516,NULL,1,Durham-Chapel Hill; NC
movesdb20241112,37065,37,Edgecombe County,L,0,29.814,NULL,1,Rocky Mount; NC
movesdb20241112,37067,37,Forsyth County,L,0,29.026,NULL,1,Winston-Salem; NC
movesdb20241112,37069,37,Franklin County,L,0,29.644,NULL,1,Raleigh; NC
movesdb20241112,37071,37,Gaston County,L,0,29.024,NULL,1,Charlotte-Concord-Gastonia; NC-SC
movesdb20241112,37073,37,Gates County,L,0,29.955,NULL,1,Virginia Beach-Norfolk-Newport News; VA-NC
movesdb20241112,37075,37,Graham County,L,0,28.987,NULL,0,Non-MSA
movesdb20241112,37077,37,Granville County,L,0,29.513,NULL,0,Non-MSA
movesdb20241112,37079,37,Greene County,L,0,29.896,NULL,0,Non-MSA
movesdb20241112,37081,37,Guilford County,L,0,29.106,NULL,1,Greensboro-High Point; NC
movesdb20241112,37083,37,Halifax County,L,0,29.809,NULL,0,Non-MSA
movesdb20241112,37085,37,Harnett County,L,0,29.607,NULL,0,Non-MSA
movesdb20241112,37087,37,Haywood County,L,0,28.636,NULL,1,Asheville; NC
movesdb20241112,37089,37,Henderson County,L,0,27.952,NULL,1,Asheville; NC
movesdb20241112,37091,37,Hertford County,L,0,29.917,NULL,0,Non-MSA
movesdb20241112,37093,37,Hoke County,L,0,29.692,NULL,1,Fayetteville; NC
movesdb20241112,37095,37,Hyde County,L,0,30.034,NULL,0,Non-MSA
movesdb20241112,37097,37,Iredell County,L,0,28.856,NULL,1,Charlotte-Concord-Gastonia; NC-SC
movesdb20241112,37099,37,Jackson County,L,0,28.807,NULL,0,Non-MSA
movesdb20241112,37101,37,Johnston County,L,0,29.637,NULL,1,Raleigh; NC
movesdb20241112,37103,37,Jones County,L,0,30.013,NULL,1,New Bern; NC
movesdb20241112,37105,37,Lee County,L,0,29.531,NULL,0,Non-MSA
movesdb20241112,37107,37,Lenoir County,L,0,29.913,NULL,0,Non-MSA
movesdb20241112,37109,37,Lincoln County,L,0,28.854,NULL,1,Charlotte-Concord-Gastonia; NC-SC
movesdb20241112,37111,37,McDowell County,L,0,28.367,NULL,0,Non-MSA
movesdb20241112,37113,37,Macon County,L,0,28.847,NULL,0,Non-MSA
movesdb20241112,37115,37,Madison County,L,0,28.506,NULL,1,Asheville; NC
movesdb20241112,37117,37,Martin County,L,0,29.908,NULL,0,Non-MSA
movesdb20241112,37119,37,Mecklenburg County,L,0,29.2,NULL,1,Charlotte-Concord-Gastonia; NC-SC
movesdb20241112,37121,37,Mitchell County,L,0,28.467,NULL,0,Non-MSA
movesdb20241112,37123,37,Montgomery County,L,0,29.337,NULL,0,Non-MSA
movesdb20241112,37125,37,Moore County,L,0,29.5,NULL,0,Non-MSA
movesdb20241112,37127,37,Nash County,L,0,29.759,NULL,1,Rocky Mount; NC
movesdb20241112,37129,37,New Hanover County,L,0,30.013,NULL,1,Wilmington; NC
movesdb20241112,37131,37,Northampton County,L,0,29.828,NULL,0,Non-MSA
movesdb20241112,37133,37,Onslow County,L,0,30.013,NULL,1,Jacksonville; NC
movesdb20241112,37135,37,Orange County,L,0,29.476,NULL,1,Durham-Chapel Hill; NC
movesdb20241112,37137,37,Pamlico County,L,0,30.058,NULL,1,New Bern; NC
movesdb20241112,37139,37,Pasquotank County,L,0,30.016,NULL,0,Non-MSA
movesdb20241112,37141,37,Pender County,L,0,29.971,NULL,1,Wilmington; NC
movesdb20241112,37143,37,Perquimans County,L,0,30.013,NULL,0,Non-MSA
movesdb20241112,37145,37,Person County,L,0,29.445,NULL,1,Durham-Chapel Hill; NC
movesdb20241112,37147,37,Pitt County,L,0,29.907,NULL,1,Greenville; NC
movesdb20241112,37149,37,Polk County,L,0,27.901,NULL,0,Non-MSA
movesdb20241112,37151,37,Randolph County,L,0,29.219,NULL,1,Greensboro-High Point; NC
movesdb20241112,37153,37,Richmond County,L,0,29.549,NULL,0,Non-MSA
movesdb20241112,37155,37,Robeson County,L,0,29.855,NULL,0,Non-MSA
movesdb20241112,37157,37,Rockingham County,L,0,29.063,NULL,1,Greensboro-High Point; NC
movesdb20241112,37159,37,Rowan County,L,0,29.102,NULL,1,Charlotte-Concord-Gastonia; NC-SC
movesdb20241112,37161,37,Rutherford County,L,0,28.397,NULL,0,Non-MSA
movesdb20241112,37163,37,Sampson County,L,0,29.811,NULL,0,Non-MSA
movesdb20241112,37165,37,Scotland County,L,0,29.682,NULL,0,Non-MSA
movesdb20241112,37167,37,Stanly County,L,0,29.296,NULL,0,Non-MSA
movesdb20241112,37169,37,Stokes County,L,0,28.908,NULL,1,Winston-Salem; NC
movesdb20241112,37171,37,Surry County,L,0,28.587,NULL,0,Non-MSA
movesdb20241112,37173,37,Swain County,L,0,29.009,NULL,0,Non-MSA
movesdb20241112,37175,37,Transylvania County,L,0,28.334,NULL,0,Non-MSA
movesdb20241112,37177,37,Tyrrell County,L,0,30.012,NULL,0,Non-MSA
movesdb20241112,37179,37,Union County,L,0,29.326,NULL,1,Charlotte-Concord-Gastonia; NC-SC
movesdb20241112,37181,37,Vance County,L,0,29.567,NULL,0,Non-MSA
movesdb20241112,37183,37,Wake County,L,0,29.592,NULL,1,Raleigh; NC
movesdb20241112,37185,37,Warren County,L,0,29.694,NULL,0,Non-MSA
movesdb20241112,37187,37,Washington County,L,0,29.983,NULL,0,Non-MSA
movesdb20241112,37189,37,Watauga County,L,0,28.426,NULL,0,Non-MSA
movesdb20241112,37191,37,Wayne County,L,0,29.808,NULL,1,Goldsboro; NC
movesdb20241112,37193,37,Wilkes County,L,0,28.591,NULL,0,Non-MSA
movesdb20241112,37195,37,Wilson County,L,0,29.785,NULL,0,Non-MSA
movesdb20241112,37197,37,Yadkin County,L,0,28.814,NULL,1,Winston-Salem; NC
movesdb20241112,37199,37,Yancey County,L,0,28.486,NULL,0,Non-MSA
movesdb20241112,38001,38,Adams County,L,1,27.152,NULL,0,Non-MSA
movesdb20241112,38003,38,Barnes County,L,1,28.541,NULL,0,Non-MSA
movesdb20241112,38005,38,Benson County,L,1,28.341,NULL,0,Non-MSA
movesdb20241112,38007,38,Billings County,L,1,27.367,NULL,0,Non-MSA
movesdb20241112,38009,38,Bottineau County,L,1,28.211,NULL,0,Non-MSA
movesdb20241112,38011,38,Bowman County,L,1,27.057,NULL,0,Non-MSA
movesdb20241112,38013,38,Burke County,L,1,28.024,NULL,0,Non-MSA
movesdb20241112,38015,38,Burleigh County,L,1,28.075,NULL,1,Bismarck; ND
movesdb20241112,38017,38,Cass County,L,1,28.888,NULL,1,Fargo; ND-MN
movesdb20241112,38019,38,Cavalier County,L,1,28.668,NULL,0,Non-MSA
movesdb20241112,38021,38,Dickey County,L,1,28.441,NULL,0,Non-MSA
movesdb20241112,38023,38,Divide County,L,1,27.927,NULL,0,Non-MSA
movesdb20241112,38025,38,Dunn County,L,1,27.644,NULL,0,Non-MSA
movesdb20241112,38027,38,Eddy County,L,1,28.439,NULL,0,Non-MSA
movesdb20241112,38029,38,Emmons County,L,1,28.175,NULL,0,Non-MSA
movesdb20241112,38031,38,Foster County,L,1,28.532,NULL,0,Non-MSA
movesdb20241112,38033,38,Golden Valley County,L,1,27.299,NULL,0,Non-MSA
movesdb20241112,38035,38,Grand Forks County,L,1,28.984,NULL,1,Grand Forks; ND-MN
movesdb20241112,38037,38,Grant County,L,1,27.502,NULL,0,Non-MSA
movesdb20241112,38039,38,Griggs County,L,1,28.737,NULL,0,Non-MSA
movesdb20241112,38041,38,Hettinger County,L,1,27.256,NULL,0,Non-MSA
movesdb20241112,38043,38,Kidder County,L,1,28.209,NULL,0,Non-MSA
movesdb20241112,38045,38,LaMoure County,L,1,28.388,NULL,0,Non-MSA
movesdb20241112,38047,38,Logan County,L,1,28.282,NULL,0,Non-MSA
movesdb20241112,38049,38,McHenry County,L,1,28.181,NULL,0,Non-MSA
movesdb20241112,38051,38,McIntosh County,L,1,28.246,NULL,0,Non-MSA
movesdb20241112,38053,38,McKenzie County,L,1,27.902,NULL,0,Non-MSA
movesdb20241112,38055,38,McLean County,L,1,27.966,NULL,0,Non-MSA
movesdb20241112,38057,38,Mercer County,L,1,27.914,NULL,0,Non-MSA
movesdb20241112,38059,38,Morton County,L,1,27.847,NULL,1,Bismarck; ND
movesdb20241112,38061,38,Mountrail County,L,1,27.986,NULL,0,Non-MSA
movesdb20241112,38063,38,Nelson County,L,1,28.795,NULL,0,Non-MSA
movesdb20241112,38065,38,Oliver County,L,1,27.905,NULL,1,Bismarck; ND
movesdb20241112,38067,38,Pembina County,L,1,28.797,NULL,0,Non-MSA
movesdb20241112,38069,38,Pierce County,L,1,28.305,NULL,0,Non-MSA
movesdb20241112,38071,38,Ramsey County,L,1,28.577,NULL,0,Non-MSA
movesdb20241112,38073,38,Ransom County,L,1,28.609,NULL,0,Non-MSA
movesdb20241112,38075,38,Renville County,L,1,28.103,NULL,0,Non-MSA
movesdb20241112,38077,38,Richland County,L,1,28.827,NULL,0,Non-MSA
movesdb20241112,38079,38,Rolette County,L,1,28.271,NULL,0,Non-MSA
movesdb20241112,38081,38,Sargent County,L,1,28.65,NULL,0,Non-MSA
movesdb20241112,38083,38,Sheridan County,L,1,28.108,NULL,0,Non-MSA
movesdb20241112,38085,38,Sioux County,L,1,27.988,NULL,1,Bismarck; ND
movesdb20241112,38087,38,Slope County,L,1,27.106,NULL,0,Non-MSA
movesdb20241112,38089,38,Stark County,L,1,27.413,NULL,0,Non-MSA
movesdb20241112,38091,38,Steele County,L,1,28.915,NULL,0,Non-MSA
movesdb20241112,38093,38,Stutsman County,L,1,28.425,NULL,0,Non-MSA
movesdb20241112,38095,38,Towner County,L,1,28.448,NULL,0,Non-MSA
movesdb20241112,38097,38,Traill County,L,1,29.051,NULL,0,Non-MSA
movesdb20241112,38099,38,Walsh County,L,1,28.85,NULL,0,Non-MSA
movesdb20241112,38101,38,Ward County,L,1,28.156,NULL,0,Non-MSA
movesdb20241112,38103,38,Wells County,L,1,28.273,NULL,0,Non-MSA
movesdb20241112,38105,38,Williams County,L,1,27.952,NULL,0,Non-MSA
movesdb20241112,39001,39,Adams County,L,0,29.086,NULL,0,Non-MSA
movesdb20241112,39003,39,Allen County,L,0,29.126,NULL,1,Lima; OH
movesdb20241112,39005,39,Ashland County,L,0,28.99,NULL,0,Non-MSA
movesdb20241112,39007,39,Ashtabula County,L,0,29.049,NULL,0,Non-MSA
movesdb20241112,39009,39,Athens County,L,0,29.138,NULL,0,Non-MSA
movesdb20241112,39011,39,Auglaize County,L,0,29.074,NULL,0,Non-MSA
movesdb20241112,39013,39,Belmont County,L,0,28.938,NULL,1,Wheeling; WV-OH
movesdb20241112,39015,39,Brown County,L,0,29.241,NULL,1,Cincinnati; OH-KY-IN
movesdb20241112,39017,39,Butler County,L,0,29.178,NULL,1,Cincinnati; OH-KY-IN
movesdb20241112,39019,39,Carroll County,L,0,28.782,NULL,1,Canton-Massillon; OH
movesdb20241112,39021,39,Champaign County,L,0,29.031,NULL,0,Non-MSA
movesdb20241112,39023,39,Clark County,L,0,29.03,NULL,1,Springfield; OH
movesdb20241112,39025,39,Clermont County,L,0,29.469,NULL,1,Cincinnati; OH-KY-IN
movesdb20241112,39027,39,Clinton County,L,0,29.05,NULL,0,Non-MSA
movesdb20241112,39029,39,Columbiana County,L,0,28.861,NULL,0,Non-MSA
movesdb20241112,39031,39,Coshocton County,L,0,28.944,NULL,0,Non-MSA
movesdb20241112,39033,39,Crawford County,L,0,29.077,NULL,0,Non-MSA
movesdb20241112,39035,39,Cuyahoga County,L,0,29.28,NULL,1,Cleveland-Elyria; OH
movesdb20241112,39037,39,Darke County,L,0,29.068,NULL,0,Non-MSA
movesdb20241112,39039,39,Defiance County,L,0,29.236,NULL,0,Non-MSA
movesdb20241112,39041,39,Delaware County,L,0,29.01,NULL,1,Columbus; OH
movesdb20241112,39043,39,Erie County,L,0,29.209,NULL,0,Non-MSA
movesdb20241112,39045,39,Fairfield County,L,0,29.098,NULL,1,Columbus; OH
movesdb20241112,39047,39,Fayette County,L,0,28.99,NULL,0,Non-MSA
movesdb20241112,39049,39,Franklin County,L,0,29.075,NULL,1,Columbus; OH
movesdb20241112,39051,39,Fulton County,L,0,29.19,NULL,1,Toledo; OH
movesdb20241112,39053,39,Gallia County,L,0,29.06,NULL,0,Non-MSA
movesdb20241112,39055,39,Geauga County,L,0,29.32,NULL,1,Cleveland-Elyria; OH
movesdb20241112,39057,39,Greene County,L,0,29.011,NULL,1,Dayton; OH
movesdb20241112,39059,39,Guernsey County,L,0,29.026,NULL,0,Non-MSA
movesdb20241112,39061,39,Hamilton County,L,0,29.319,NULL,1,Cincinnati; OH-KY-IN
movesdb20241112,39063,39,Hancock County,L,0,29.198,NULL,0,Non-MSA
movesdb20241112,39065,39,Hardin County,L,0,29.102,NULL,0,Non-MSA
movesdb20241112,39067,39,Harrison County,L,0,29.015,NULL,0,Non-MSA
movesdb20241112,39069,39,Henry County,L,0,29.223,NULL,0,Non-MSA
movesdb20241112,39071,39,Highland County,L,0,28.919,NULL,0,Non-MSA
movesdb20241112,39073,39,Hocking County,L,0,29.152,NULL,1,Columbus; OH
movesdb20241112,39075,39,Holmes County,L,0,28.88,NULL,0,Non-MSA
movesdb20241112,39077,39,Huron County,L,0,29.167,NULL,0,Non-MSA
movesdb20241112,39079,39,Jackson County,L,0,29.08,NULL,0,Non-MSA
movesdb20241112,39081,39,Jefferson County,L,0,28.857,NULL,1,Weirton-Steubenville; WV-OH
movesdb20241112,39083,39,Knox County,L,0,28.763,NULL,0,Non-MSA
movesdb20241112,39085,39,Lake County,L,0,29.225,NULL,1,Cleveland-Elyria; OH
movesdb20241112,39087,39,Lawrence County,L,0,29.12,NULL,1,Huntington-Ashland; WV-KY-OH
movesdb20241112,39089,39,Licking County,L,0,29.066,NULL,1,Columbus; OH
movesdb20241112,39091,39,Logan County,L,0,29.028,NULL,0,Non-MSA
movesdb20241112,39093,39,Lorain County,L,0,29.188,NULL,1,Cleveland-Elyria; OH
movesdb20241112,39095,39,Lucas County,L,0,29.195,NULL,1,Toledo; OH
movesdb20241112,39097,39,Madison County,L,0,29.043,NULL,1,Columbus; OH
movesdb20241112,39099,39,Mahoning County,L,0,28.88,NULL,1,Youngstown-Warren-Boardman; OH-PA
movesdb20241112,39101,39,Marion County,L,0,29.015,NULL,0,Non-MSA
movesdb20241112,39103,39,Medina County,L,0,29.138,NULL,1,Cleveland-Elyria; OH
movesdb20241112,39105,39,Meigs County,L,0,29.105,NULL,0,Non-MSA
movesdb20241112,39107,39,Mercer County,L,0,29.11,NULL,0,Non-MSA
movesdb20241112,39109,39,Miami County,L,0,29.073,NULL,1,Dayton; OH
movesdb20241112,39111,39,Monroe County,L,0,29.036,NULL,0,Non-MSA
movesdb20241112,39113,39,Montgomery County,L,0,29.051,NULL,1,Dayton; OH
movesdb20241112,39115,39,Morgan County,L,0,29.115,NULL,0,Non-MSA
movesdb20241112,39117,39,Morrow County,L,0,28.968,NULL,1,Columbus; OH
movesdb20241112,39119,39,Muskingum County,L,0,29.066,NULL,0,Non-MSA
movesdb20241112,39121,39,Noble County,L,0,29.092,NULL,0,Non-MSA
movesdb20241112,39123,39,Ottawa County,L,0,29.321,NULL,0,Non-MSA
movesdb20241112,39125,39,Paulding County,L,0,29.216,NULL,0,Non-MSA
movesdb20241112,39127,39,Perry County,L,0,29.127,NULL,1,Columbus; OH
movesdb20241112,39129,39,Pickaway County,L,0,29.056,NULL,1,Columbus; OH
movesdb20241112,39131,39,Pike County,L,0,29.064,NULL,0,Non-MSA
movesdb20241112,39133,39,Portage County,L,0,29.106,NULL,1,Akron; OH
movesdb20241112,39135,39,Preble County,L,0,29.056,NULL,0,Non-MSA
movesdb20241112,39137,39,Putnam County,L,0,29.238,NULL,0,Non-MSA
movesdb20241112,39139,39,Richland County,L,0,28.947,NULL,1,Mansfield; OH
movesdb20241112,39141,39,Ross County,L,0,29.031,NULL,0,Non-MSA
movesdb20241112,39143,39,Sandusky County,L,0,29.347,NULL,0,Non-MSA
movesdb20241112,39145,39,Scioto County,L,0,29.083,NULL,0,Non-MSA
movesdb20241112,39147,39,Seneca County,L,0,29.261,NULL,0,Non-MSA
movesdb20241112,39149,39,Shelby County,L,0,29.047,NULL,0,Non-MSA
movesdb20241112,39151,39,Stark County,L,0,28.872,NULL,1,Canton-Massillon; OH
movesdb20241112,39153,39,Summit County,L,0,29.065,NULL,1,Akron; OH
movesdb20241112,39155,39,Trumbull County,L,0,28.953,NULL,1,Youngstown-Warren-Boardman; OH-PA
movesdb20241112,39157,39,Tuscarawas County,L,0,28.861,NULL,0,Non-MSA
movesdb20241112,39159,39,Union County,L,0,29.048,NULL,1,Columbus; OH
movesdb20241112,39161,39,Van Wert County,L,0,29.178,NULL,0,Non-MSA
movesdb20241112,39163,39,Vinton County,L,0,29.147,NULL,0,Non-MSA
movesdb20241112,39165,39,Warren County,L,0,29.072,NULL,1,Cincinnati; OH-KY-IN
movesdb20241112,39167,39,Washington County,L,0,29.121,NULL,0,Non-MSA
movesdb20241112,39169,39,Wayne County,L,0,28.969,NULL,0,Non-MSA
movesdb20241112,39171,39,Williams County,L,0,29.174,NULL,0,Non-MSA
movesdb20241112,39173,39,Wood County,L,0,29.269,NULL,1,Toledo; OH
movesdb20241112,39175,39,Wyandot County,L,0,29.164,NULL,0,Non-MSA
movesdb20241112,40001,40,Adair County,L,0,29.101,NULL,0,Non-MSA
movesdb20241112,40003,40,Alfalfa County,L,0,28.305,NULL,0,Non-MSA
movesdb20241112,40005,40,Atoka County,L,0,29.227,NULL,0,Non-MSA
movesdb20241112,40007,40,Beaver County,L,0,27.011,NULL,0,Non-MSA
movesdb20241112,40009,40,Beckham County,L,0,27.8,NULL,0,Non-MSA
movesdb20241112,40011,40,Blaine County,L,0,28.334,NULL,0,Non-MSA
movesdb20241112,40013,40,Bryan County,L,0,29.249,NULL,0,Non-MSA
movesdb20241112,40015,40,Caddo County,L,0,28.59,NULL,0,Non-MSA
movesdb20241112,40017,40,Canadian County,L,0,28.68,NULL,1,Oklahoma City; OK
movesdb20241112,40019,40,Carter County,L,0,29.007,NULL,0,Non-MSA
movesdb20241112,40021,40,Cherokee County,L,0,29.23,NULL,0,Non-MSA
movesdb20241112,40023,40,Choctaw County,L,0,29.346,NULL,0,Non-MSA
movesdb20241112,40025,40,Cimarron County,L,0,25.686,NULL,0,Non-MSA
movesdb20241112,40027,40,Cleveland County,L,0,28.674,NULL,1,Oklahoma City; OK
movesdb20241112,40029,40,Coal County,L,0,29.155,NULL,0,Non-MSA
movesdb20241112,40031,40,Comanche County,L,0,28.76,NULL,1,Lawton; OK
movesdb20241112,40033,40,Cotton County,L,0,28.85,NULL,1,Lawton; OK
movesdb20241112,40035,40,Craig County,L,0,29.156,NULL,0,Non-MSA
movesdb20241112,40037,40,Creek County,L,0,29.155,NULL,1,Tulsa; OK
movesdb20241112,40039,40,Custer County,L,0,28.069,NULL,0,Non-MSA
movesdb20241112,40041,40,Delaware County,L,0,29.058,NULL,0,Non-MSA
movesdb20241112,40043,40,Dewey County,L,0,27.853,NULL,0,Non-MSA
movesdb20241112,40045,40,Ellis County,L,0,27.655,NULL,0,Non-MSA
movesdb20241112,40047,40,Garfield County,L,0,28.775,NULL,1,Enid; OK
movesdb20241112,40049,40,Garvin County,L,0,28.835,NULL,0,Non-MSA
movesdb20241112,40051,40,Grady County,L,0,28.702,NULL,1,Oklahoma City; OK
movesdb20241112,40053,40,Grant County,L,0,28.686,NULL,0,Non-MSA
movesdb20241112,40055,40,Greer County,L,0,27.993,NULL,0,Non-MSA
movesdb20241112,40057,40,Harmon County,L,0,27.873,NULL,0,Non-MSA
movesdb20241112,40059,40,Harper County,L,0,27.4,NULL,0,Non-MSA
movesdb20241112,40061,40,Haskell County,L,0,29.384,NULL,0,Non-MSA
movesdb20241112,40063,40,Hughes County,L,0,29.141,NULL,0,Non-MSA
movesdb20241112,40065,40,Jackson County,L,0,28.275,NULL,0,Non-MSA
movesdb20241112,40067,40,Jefferson County,L,0,28.904,NULL,0,Non-MSA
movesdb20241112,40069,40,Johnston County,L,0,29.142,NULL,0,Non-MSA
movesdb20241112,40071,40,Kay County,L,0,28.84,NULL,0,Non-MSA
movesdb20241112,40073,40,Kingfisher County,L,0,28.712,NULL,0,Non-MSA
movesdb20241112,40075,40,Kiowa County,L,0,28.435,NULL,0,Non-MSA
movesdb20241112,40077,40,Latimer County,L,0,29.338,NULL,0,Non-MSA
movesdb20241112,40079,40,Le Flore County,L,0,29.417,NULL,1,Fort Smith; AR-OK
movesdb20241112,40081,40,Lincoln County,L,0,28.946,NULL,1,Oklahoma City; OK
movesdb20241112,40083,40,Logan County,L,0,28.935,NULL,1,Oklahoma City; OK
movesdb20241112,40085,40,Love County,L,0,29.091,NULL,0,Non-MSA
movesdb20241112,40087,40,McClain County,L,0,28.694,NULL,1,Oklahoma City; OK
movesdb20241112,40089,40,McCurtain County,L,0,29.524,NULL,0,Non-MSA
movesdb20241112,40091,40,McIntosh County,L,0,29.354,NULL,0,Non-MSA
movesdb20241112,40093,40,Major County,L,0,28.285,NULL,0,Non-MSA
movesdb20241112,40095,40,Marshall County,L,0,29.194,NULL,0,Non-MSA
movesdb20241112,40097,40,Mayes County,L,0,29.193,NULL,0,Non-MSA
movesdb20241112,40099,40,Murray County,L,0,28.984,NULL,0,Non-MSA
movesdb20241112,40101,40,Muskogee County,L,0,29.344,NULL,0,Non-MSA
movesdb20241112,40103,40,Noble County,L,0,28.949,NULL,0,Non-MSA
movesdb20241112,40105,40,Nowata County,L,0,29.152,NULL,0,Non-MSA
movesdb20241112,40107,40,Okfuskee County,L,0,29.087,NULL,0,Non-MSA
movesdb20241112,40109,40,Oklahoma County,L,0,28.796,NULL,1,Oklahoma City; OK
movesdb20241112,40111,40,Okmulgee County,L,0,29.239,NULL,1,Tulsa; OK
movesdb20241112,40113,40,Osage County,L,0,28.986,NULL,1,Tulsa; OK
movesdb20241112,40115,40,Ottawa County,L,0,29.063,NULL,0,Non-MSA
movesdb20241112,40117,40,Pawnee County,L,0,29.018,NULL,1,Tulsa; OK
movesdb20241112,40119,40,Payne County,L,0,29.027,NULL,0,Non-MSA
movesdb20241112,40121,40,Pittsburg County,L,0,29.29,NULL,0,Non-MSA
movesdb20241112,40123,40,Pontotoc County,L,0,29.025,NULL,0,Non-MSA
movesdb20241112,40125,40,Pottawatomie County,L,0,28.847,NULL,0,Non-MSA
movesdb20241112,40127,40,Pushmataha County,L,0,29.27,NULL,0,Non-MSA
movesdb20241112,40129,40,Roger Mills County,L,0,27.716,NULL,0,Non-MSA
movesdb20241112,40131,40,Rogers County,L,0,29.209,NULL,1,Tulsa; OK
movesdb20241112,40133,40,Seminole County,L,0,29.011,NULL,0,Non-MSA
movesdb20241112,40135,40,Sequoyah County,L,0,29.305,NULL,1,Fort Smith; AR-OK
movesdb20241112,40137,40,Stephens County,L,0,28.864,NULL,0,Non-MSA
movesdb20241112,40139,40,Texas County,L,0,26.515,NULL,0,Non-MSA
movesdb20241112,40141,40,Tillman County,L,0,28.601,NULL,0,Non-MSA
movesdb20241112,40143,40,Tulsa County,L,0,29.258,NULL,1,Tulsa; OK
movesdb20241112,40145,40,Wagoner County,L,0,29.33,NULL,1,Tulsa; OK
movesdb20241112,40147,40,Washington County,L,0,29.075,NULL,0,Non-MSA
movesdb20241112,40149,40,Washita County,L,0,28.075,NULL,0,Non-MSA
movesdb20241112,40151,40,Woods County,L,0,27.952,NULL,0,Non-MSA
movesdb20241112,40153,40,Woodward County,L,0,27.735,NULL,0,Non-MSA
movesdb20241112,41001,41,Baker County,L,1,26.619,NULL,0,Non-MSA
movesdb20241112,41003,41,Benton County,L,0,29.696,NULL,1,Corvallis; OR
movesdb20241112,41005,41,Clackamas County,L,0,29.91,NULL,1,Portland-Vancouver-Hillsboro; OR-WA
movesdb20241112,41007,41,Clatsop County,L,0,30.054,NULL,0,Non-MSA
movesdb20241112,41009,41,Columbia County,L,0,29.918,NULL,1,Portland-Vancouver-Hillsboro; OR-WA
movesdb20241112,41011,41,Coos County,L,0,28.74,NULL,0,Non-MSA
movesdb20241112,41013,41,Crook County,L,1,27.317,NULL,0,Non-MSA
movesdb20241112,41015,41,Curry County,L,0,28.268,NULL,0,Non-MSA
movesdb20241112,41017,41,Deschutes County,L,0,27.117,NULL,1,Bend-Redmond; OR
movesdb20241112,41019,41,Douglas County,L,0,29.501,NULL,0,Non-MSA
movesdb20241112,41021,41,Gilliam County,L,1,28.984,NULL,0,Non-MSA
movesdb20241112,41023,41,Grant County,L,1,27.245,NULL,0,Non-MSA
movesdb20241112,41025,41,Harney County,L,1,25.998,NULL,0,Non-MSA
movesdb20241112,41027,41,Hood River County,L,0,29.603,NULL,0,Non-MSA
movesdb20241112,41029,41,Jackson County,L,0,27.815,NULL,1,Medford; OR
movesdb20241112,41031,41,Jefferson County,L,0,28.196,NULL,0,Non-MSA
movesdb20241112,41033,41,Josephine County,L,0,26.444,NULL,1,Grants Pass; OR
movesdb20241112,41035,41,Klamath County,L,0,27.292,NULL,0,Non-MSA
movesdb20241112,41037,41,Lake County,L,0,26.407,NULL,0,Non-MSA
movesdb20241112,41039,41,Lane County,L,0,29.673,NULL,1,Eugene; OR
movesdb20241112,41041,41,Lincoln County,L,0,29.698,NULL,0,Non-MSA
movesdb20241112,41043,41,Linn County,L,0,29.597,NULL,1,Albany; OR
movesdb20241112,41045,41,Malheur County,L,1,26.913,NULL,0,Non-MSA
movesdb20241112,41047,41,Marion County,L,0,29.836,NULL,1,Salem; OR
movesdb20241112,41049,41,Morrow County,L,1,29.202,NULL,0,Non-MSA
movesdb20241112,41051,41,Multnomah County,L,0,29.991,NULL,1,Portland-Vancouver-Hillsboro; OR-WA
movesdb20241112,41053,41,Polk County,L,0,29.841,NULL,1,Salem; OR
movesdb20241112,41055,41,Sherman County,L,1,29.503,NULL,0,Non-MSA
movesdb20241112,41057,41,Tillamook County,L,0,29.848,NULL,0,Non-MSA
movesdb20241112,41059,41,Umatilla County,L,1,28.952,NULL,0,Non-MSA
movesdb20241112,41061,41,Union County,L,1,26.684,NULL,0,Non-MSA
movesdb20241112,41063,41,Wallowa County,L,1,27.373,NULL,0,Non-MSA
movesdb20241112,41065,41,Wasco County,L,0,29.775,NULL,0,Non-MSA
movesdb20241112,41067,41,Washington County,L,0,29.961,NULL,1,Portland-Vancouver-Hillsboro; OR-WA
movesdb20241112,41069,41,Wheeler County,L,1,28.25,NULL,0,Non-MSA
movesdb20241112,41071,41,Yamhill County,L,0,29.899,NULL,1,Portland-Vancouver-Hillsboro; OR-WA
movesdb20241112,42001,42,Adams County,L,0,29.375,NULL,1,Gettysburg; PA
movesdb20241112,42003,42,Allegheny County,L,0,28.777,NULL,1,Pittsburgh; PA
movesdb20241112,42005,42,Armstrong County,L,0,28.527,NULL,1,Pittsburgh; PA
movesdb20241112,42007,42,Beaver County,L,0,28.734,NULL,1,Pittsburgh; PA
movesdb20241112,42009,42,Bedford County,L,0,27.961,NULL,0,Non-MSA
movesdb20241112,42011,42,Berks County,L,0,29.579,NULL,1,Reading; PA
movesdb20241112,42013,42,Blair County,L,0,28.168,NULL,1,Altoona; PA
movesdb20241112,42015,42,Bradford County,L,0,28.884,NULL,0,Non-MSA
movesdb20241112,42017,42,Bucks County,L,0,29.657,NULL,1,Philadelphia-Camden-Wilmington; PA-NJ-DE-MD
movesdb20241112,42019,42,Butler County,L,0,28.649,NULL,1,Pittsburgh; PA
movesdb20241112,42021,42,Cambria County,L,0,28.116,NULL,1,Johnstown; PA
movesdb20241112,42023,42,Cameron County,L,0,27.88,NULL,0,Non-MSA
movesdb20241112,42025,42,Carbon County,L,0,28.978,NULL,1,Allentown-Bethlehem-Easton; PA-NJ
movesdb20241112,42027,42,Centre County,L,0,28.491,NULL,1,State College; PA
movesdb20241112,42029,42,Chester County,L,0,29.696,NULL,1,Philadelphia-Camden-Wilmington; PA-NJ-DE-MD
movesdb20241112,42031,42,Clarion County,L,0,28.485,NULL,0,Non-MSA
movesdb20241112,42033,42,Clearfield County,L,0,28.207,NULL,0,Non-MSA
movesdb20241112,42035,42,Clinton County,L,0,28.559,NULL,0,Non-MSA
movesdb20241112,42037,42,Columbia County,L,0,29.42,NULL,1,Bloomsburg-Berwick; PA
movesdb20241112,42039,42,Crawford County,L,0,28.891,NULL,0,Non-MSA
movesdb20241112,42041,42,Cumberland County,L,0,29.335,NULL,1,Harrisburg-Carlisle; PA
movesdb20241112,42043,42,Dauphin County,L,0,29.522,NULL,1,Harrisburg-Carlisle; PA
movesdb20241112,42045,42,Delaware County,L,0,29.809,NULL,1,Philadelphia-Camden-Wilmington; PA-NJ-DE-MD
movesdb20241112,42047,42,Elk County,L,0,28.035,NULL,0,Non-MSA
movesdb20241112,42049,42,Erie County,L,0,29.223,NULL,1,Erie; PA
movesdb20241112,42051,42,Fayette County,L,0,28.704,NULL,1,Pittsburgh; PA
movesdb20241112,42053,42,Forest County,L,0,28.52,NULL,0,Non-MSA
movesdb20241112,42055,42,Franklin County,L,0,29.009,NULL,1,Chambersburg-Waynesboro; PA
movesdb20241112,42057,42,Fulton County,L,0,28.452,NULL,0,Non-MSA
movesdb20241112,42059,42,Greene County,L,0,28.797,NULL,0,Non-MSA
movesdb20241112,42061,42,Huntingdon County,L,0,28.389,NULL,0,Non-MSA
movesdb20241112,42063,42,Indiana County,L,0,28.396,NULL,0,Non-MSA
movesdb20241112,42065,42,Jefferson County,L,0,28.322,NULL,0,Non-MSA
movesdb20241112,42067,42,Juniata County,L,0,29.009,NULL,0,Non-MSA
movesdb20241112,42069,42,Lackawanna County,L,0,29.043,NULL,1,Scranton--Wilkes-Barre--Hazleton; PA
movesdb20241112,42071,42,Lancaster County,L,0,29.628,NULL,1,Lancaster; PA
movesdb20241112,42073,42,Lawrence County,L,0,28.733,NULL,0,Non-MSA
movesdb20241112,42075,42,Lebanon County,L,0,29.585,NULL,1,Lebanon; PA
movesdb20241112,42077,42,Lehigh County,L,0,29.414,NULL,1,Allentown-Bethlehem-Easton; PA-NJ
movesdb20241112,42079,42,Luzerne County,L,0,28.969,NULL,1,Scranton--Wilkes-Barre--Hazleton; PA
movesdb20241112,42081,42,Lycoming County,L,0,29.035,NULL,1,Williamsport; PA
movesdb20241112,42083,42,McKean County,L,0,28.425,NULL,0,Non-MSA
movesdb20241112,42085,42,Mercer County,L,0,28.778,NULL,1,Youngstown-Warren-Boardman; OH-PA
movesdb20241112,42087,42,Mifflin County,L,0,28.673,NULL,0,Non-MSA
movesdb20241112,42089,42,Monroe County,L,0,28.272,NULL,1,East Stroudsburg; PA
movesdb20241112,42091,42,Montgomery County,L,0,29.735,NULL,1,Philadelphia-Camden-Wilmington; PA-NJ-DE-MD
movesdb20241112,42093,42,Montour County,L,0,29.409,NULL,1,Bloomsburg-Berwick; PA
movesdb20241112,42095,42,Northampton County,L,0,29.197,NULL,1,Allentown-Bethlehem-Easton; PA-NJ
movesdb20241112,42097,42,Northumberland County,L,0,29.375,NULL,0,Non-MSA
movesdb20241112,42099,42,Perry County,L,0,29.271,NULL,1,Harrisburg-Carlisle; PA
movesdb20241112,42101,42,Philadelphia County,L,0,29.848,NULL,1,Philadelphia-Camden-Wilmington; PA-NJ-DE-MD
movesdb20241112,42103,42,Pike County,L,0,28.712,NULL,1,New York-Newark-Jersey City; NY-NJ-PA
movesdb20241112,42105,42,Potter County,L,0,28.227,NULL,0,Non-MSA
movesdb20241112,42107,42,Schuylkill County,L,0,29.479,NULL,0,Non-MSA
movesdb20241112,42109,42,Snyder County,L,0,29.292,NULL,0,Non-MSA
movesdb20241112,42111,42,Somerset County,L,0,28.365,NULL,0,Non-MSA
movesdb20241112,42113,42,Sullivan County,L,0,29.157,NULL,0,Non-MSA
movesdb20241112,42115,42,Susquehanna County,L,0,28.714,NULL,0,Non-MSA
movesdb20241112,42117,42,Tioga County,L,0,28.491,NULL,0,Non-MSA
movesdb20241112,42119,42,Union County,L,0,29.237,NULL,0,Non-MSA
movesdb20241112,42121,42,Venango County,L,0,28.686,NULL,0,Non-MSA
movesdb20241112,42123,42,Warren County,L,0,28.78,NULL,0,Non-MSA
movesdb20241112,42125,42,Washington County,L,0,28.783,NULL,1,Pittsburgh; PA
movesdb20241112,42127,42,Wayne County,L,0,28.76,NULL,0,Non-MSA
movesdb20241112,42129,42,Westmoreland County,L,0,28.665,NULL,1,Pittsburgh; PA
movesdb20241112,42131,42,Wyoming County,L,0,28.998,NULL,1,Scranton--Wilkes-Barre--Hazleton; PA
movesdb20241112,42133,42,York County,L,0,29.608,NULL,1,York-Hanover; PA
movesdb20241112,44001,44,Bristol County,L,0,29.829,NULL,1,Providence-Warwick; RI-MA
movesdb20241112,44003,44,Kent County,L,0,29.797,NULL,1,Providence-Warwick; RI-MA
movesdb20241112,44005,44,Newport County,L,0,29.942,NULL,1,Providence-Warwick; RI-MA
movesdb20241112,44007,44,Providence County,L,0,29.642,NULL,1,Providence-Warwick; RI-MA
movesdb20241112,44009,44,Washington County,L,0,29.887,NULL,1,Providence-Warwick; RI-MA
movesdb20241112,45001,45,Abbeville County,L,0,29.25,NULL,0,Non-MSA
movesdb20241112,45003,45,Aiken County,L,0,29.733,NULL,1,Augusta-Richmond County; GA-SC
movesdb20241112,45005,45,Allendale County,L,0,29.868,NULL,0,Non-MSA
movesdb20241112,45007,45,Anderson County,L,0,29.085,NULL,1,Greenville-Anderson-Mauldin; SC
movesdb20241112,45009,45,Bamberg County,L,0,29.844,NULL,0,Non-MSA
movesdb20241112,45011,45,Barnwell County,L,0,29.87,NULL,0,Non-MSA
movesdb20241112,45013,45,Beaufort County,L,0,29.989,NULL,1,Hilton Head Island-Bluffton-Beaufort; SC
movesdb20241112,45015,45,Berkeley County,L,0,29.918,NULL,1,Charleston-North Charleston; SC
movesdb20241112,45017,45,Calhoun County,L,0,29.799,NULL,1,Columbia; SC
movesdb20241112,45019,45,Charleston County,L,0,29.998,NULL,1,Charleston-North Charleston; SC
movesdb20241112,45021,45,Cherokee County,L,0,28.914,NULL,0,Non-MSA
movesdb20241112,45023,45,Chester County,L,0,29.345,NULL,1,Charlotte-Concord-Gastonia; NC-SC
movesdb20241112,45025,45,Chesterfield County,L,0,29.432,NULL,0,Non-MSA
movesdb20241112,45027,45,Clarendon County,L,0,29.829,NULL,0,Non-MSA
movesdb20241112,45029,45,Colleton County,L,0,29.916,NULL,0,Non-MSA
movesdb20241112,45031,45,Darlington County,L,0,29.725,NULL,1,Florence; SC
movesdb20241112,45033,45,Dillon County,L,0,29.866,NULL,0,Non-MSA
movesdb20241112,45035,45,Dorchester County,L,0,29.906,NULL,1,Charleston-North Charleston; SC
movesdb20241112,45037,45,Edgefield County,L,0,29.566,NULL,1,Augusta-Richmond County; GA-SC
movesdb20241112,45039,45,Fairfield County,L,0,29.413,NULL,1,Columbia; SC
movesdb20241112,45041,45,Florence County,L,0,29.844,NULL,1,Florence; SC
movesdb20241112,45043,45,Georgetown County,L,0,29.952,NULL,0,Non-MSA
movesdb20241112,45045,45,Greenville County,L,0,28.728,NULL,1,Greenville-Anderson-Mauldin; SC
movesdb20241112,45047,45,Greenwood County,L,0,29.418,NULL,0,Non-MSA
movesdb20241112,45049,45,Hampton County,L,0,29.891,NULL,0,Non-MSA
movesdb20241112,45051,45,Horry County,L,0,29.955,NULL,1,Myrtle Beach-Conway-North Myrtle Beach; SC-NC
movesdb20241112,45053,45,Jasper County,L,0,29.972,NULL,1,Hilton Head Island-Bluffton-Beaufort; SC
movesdb20241112,45055,45,Kershaw County,L,0,29.528,NULL,1,Columbia; SC
movesdb20241112,45057,45,Lancaster County,L,0,29.364,NULL,1,Charlotte-Concord-Gastonia; NC-SC
movesdb20241112,45059,45,Laurens County,L,0,29.11,NULL,1,Greenville-Anderson-Mauldin; SC
movesdb20241112,45061,45,Lee County,L,0,29.693,NULL,0,Non-MSA
movesdb20241112,45063,45,Lexington County,L,0,29.631,NULL,1,Columbia; SC
movesdb20241112,45065,45,McCormick County,L,0,29.39,NULL,0,Non-MSA
movesdb20241112,45067,45,Marion County,L,0,29.892,NULL,0,Non-MSA
movesdb20241112,45069,45,Marlboro County,L,0,29.706,NULL,0,Non-MSA
movesdb20241112,45071,45,Newberry County,L,0,29.317,NULL,0,Non-MSA
movesdb20241112,45073,45,Oconee County,L,0,28.865,NULL,0,Non-MSA
movesdb20241112,45075,45,Orangeburg County,L,0,29.837,NULL,0,Non-MSA
movesdb20241112,45077,45,Pickens County,L,0,28.789,NULL,1,Greenville-Anderson-Mauldin; SC
movesdb20241112,45079,45,Richland County,L,0,29.644,NULL,1,Columbia; SC
movesdb20241112,45081,45,Saluda County,L,0,29.49,NULL,1,Columbia; SC
movesdb20241112,45083,45,Spartanburg County,L,0,28.614,NULL,1,Spartanburg; SC
movesdb20241112,45085,45,Sumter County,L,0,29.74,NULL,1,Sumter; SC
movesdb20241112,45087,45,Union County,L,0,29.101,NULL,1,Spartanburg; SC
movesdb20241112,45089,45,Williamsburg County,L,0,29.857,NULL,0,Non-MSA
movesdb20241112,45091,45,York County,L,0,29.235,NULL,1,Charlotte-Concord-Gastonia; NC-SC
movesdb20241112,46003,46,Aurora County,L,0,28.436,NULL,0,Non-MSA
movesdb20241112,46005,46,Beadle County,L,0,28.572,NULL,0,Non-MSA
movesdb20241112,46007,46,Bennett County,L,1,26.699,NULL,0,Non-MSA
movesdb20241112,46009,46,Bon Homme County,L,0,28.446,NULL,0,Non-MSA
movesdb20241112,46011,46,Brookings County,L,0,28.277,NULL,0,Non-MSA
movesdb20241112,46013,46,Brown County,L,0,28.571,NULL,0,Non-MSA
movesdb20241112,46015,46,Brule County,L,0,28.249,NULL,0,Non-MSA
movesdb20241112,46017,46,Buffalo County,L,0,28.224,NULL,0,Non-MSA
movesdb20241112,46019,46,Butte County,L,1,26.732,NULL,0,Non-MSA
movesdb20241112,46021,46,Campbell County,L,0,28.15,NULL,0,Non-MSA
movesdb20241112,46023,46,Charles Mix County,L,0,28.385,NULL,0,Non-MSA
movesdb20241112,46025,46,Clark County,L,0,28.452,NULL,0,Non-MSA
movesdb20241112,46027,46,Clay County,L,0,28.551,NULL,0,Non-MSA
movesdb20241112,46029,46,Codington County,L,0,28.379,NULL,0,Non-MSA
movesdb20241112,46031,46,Corson County,L,1,27.795,NULL,0,Non-MSA
movesdb20241112,46033,46,Custer County,L,1,25.324,NULL,1,Rapid City; SD
movesdb20241112,46035,46,Davison County,L,0,28.565,NULL,0,Non-MSA
movesdb20241112,46037,46,Day County,L,0,28.574,NULL,0,Non-MSA
movesdb20241112,46039,46,Deuel County,L,0,28.347,NULL,0,Non-MSA
movesdb20241112,46041,46,Dewey County,L,1,27.833,NULL,0,Non-MSA
movesdb20241112,46043,46,Douglas County,L,0,28.49,NULL,0,Non-MSA
movesdb20241112,46045,46,Edmunds County,L,0,28.362,NULL,0,Non-MSA
movesdb20241112,46047,46,Fall River County,L,1,24.966,NULL,0,Non-MSA
movesdb20241112,46049,46,Faulk County,L,0,28.369,NULL,0,Non-MSA
movesdb20241112,46051,46,Grant County,L,0,28.661,NULL,0,Non-MSA
movesdb20241112,46053,46,Gregory County,L,0,27.981,NULL,0,Non-MSA
movesdb20241112,46055,46,Haakon County,L,1,27.632,NULL,0,Non-MSA
movesdb20241112,46057,46,Hamlin County,L,0,28.17,NULL,0,Non-MSA
movesdb20241112,46059,46,Hand County,L,0,28.403,NULL,0,Non-MSA
movesdb20241112,46061,46,Hanson County,L,0,28.569,NULL,0,Non-MSA
movesdb20241112,46063,46,Harding County,L,1,26.97,NULL,0,Non-MSA
movesdb20241112,46065,46,Hughes County,L,0,28.136,NULL,0,Non-MSA
movesdb20241112,46067,46,Hutchinson County,L,0,28.564,NULL,0,Non-MSA
movesdb20241112,46069,46,Hyde County,L,0,28.219,NULL,0,Non-MSA
movesdb20241112,46071,46,Jackson County,L,1,27.328,NULL,0,Non-MSA
movesdb20241112,46073,46,Jerauld County,L,0,28.519,NULL,0,Non-MSA
movesdb20241112,46075,46,Jones County,L,1,27.794,NULL,0,Non-MSA
movesdb20241112,46077,46,Kingsbury County,L,0,28.348,NULL,0,Non-MSA
movesdb20241112,46079,46,Lake County,L,0,28.422,NULL,0,Non-MSA
movesdb20241112,46081,46,Lawrence County,L,1,26.161,NULL,0,Non-MSA
movesdb20241112,46083,46,Lincoln County,L,0,28.478,NULL,1,Sioux Falls; SD
movesdb20241112,46085,46,Lyman County,L,0,28.045,NULL,0,Non-MSA
movesdb20241112,46087,46,McCook County,L,0,28.521,NULL,1,Sioux Falls; SD
movesdb20241112,46089,46,McPherson County,L,0,28.362,NULL,0,Non-MSA
movesdb20241112,46091,46,Marshall County,L,0,28.566,NULL,0,Non-MSA
movesdb20241112,46093,46,Meade County,L,1,26.573,NULL,1,Rapid City; SD
movesdb20241112,46095,46,Mellette County,L,1,27.589,NULL,0,Non-MSA
movesdb20241112,46097,46,Miner County,L,0,28.505,NULL,0,Non-MSA
movesdb20241112,46099,46,Minnehaha County,L,0,28.489,NULL,1,Sioux Falls; SD
movesdb20241112,46101,46,Moody County,L,0,28.453,NULL,0,Non-MSA
movesdb20241112,46103,46,Pennington County,L,1,26.704,NULL,1,Rapid City; SD
movesdb20241112,46105,46,Perkins County,L,1,27.193,NULL,0,Non-MSA
movesdb20241112,46107,46,Potter County,L,0,28.162,NULL,0,Non-MSA
movesdb20241112,46109,46,Roberts County,L,0,28.685,NULL,0,Non-MSA
movesdb20241112,46111,46,Sanborn County,L,0,28.573,NULL,0,Non-MSA
movesdb20241112,46113,46,Shannon County,L,1,26.299,NULL,0,Non-MSA
movesdb20241112,46115,46,Spink County,L,0,28.519,NULL,0,Non-MSA
movesdb20241112,46117,46,Stanley County,L,1,27.983,NULL,0,Non-MSA
movesdb20241112,46119,46,Sully County,L,0,28.125,NULL,0,Non-MSA
movesdb20241112,46121,46,Todd County,L,1,27.39,NULL,0,Non-MSA
movesdb20241112,46123,46,Tripp County,L,0,27.872,NULL,0,Non-MSA
movesdb20241112,46125,46,Turner County,L,0,28.496,NULL,1,Sioux Falls; SD
movesdb20241112,46127,46,Union County,L,0,28.555,NULL,1,Sioux City; IA-NE-SD
movesdb20241112,46129,46,Walworth County,L,0,28.168,NULL,0,Non-MSA
movesdb20241112,46135,46,Yankton County,L,0,28.442,NULL,0,Non-MSA
movesdb20241112,46137,46,Ziebach County,L,1,27.321,NULL,0,Non-MSA
movesdb20241112,47001,47,Anderson County,L,0,29.11,NULL,1,Knoxville; TN
movesdb20241112,47003,47,Bedford County,L,0,29.327,NULL,0,Non-MSA
movesdb20241112,47005,47,Benton County,L,0,29.579,NULL,0,Non-MSA
movesdb20241112,47007,47,Bledsoe County,L,0,28.227,NULL,0,Non-MSA
movesdb20241112,47009,47,Blount County,L,0,29.023,NULL,1,Knoxville; TN
movesdb20241112,47011,47,Bradley County,L,0,29.06,NULL,1,Cleveland; TN
movesdb20241112,47013,47,Campbell County,L,0,29.027,NULL,1,Knoxville; TN
movesdb20241112,47015,47,Cannon County,L,0,29.309,NULL,1,Nashville-Davidson--Murfreesboro--Franklin; TN
movesdb20241112,47017,47,Carroll County,L,0,29.583,NULL,0,Non-MSA
movesdb20241112,47019,47,Carter County,L,0,28.468,NULL,1,Johnson City; TN
movesdb20241112,47021,47,Cheatham County,L,0,29.48,NULL,1,Nashville-Davidson--Murfreesboro--Franklin; TN
movesdb20241112,47023,47,Chester County,L,0,29.627,NULL,1,Jackson; TN
movesdb20241112,47025,47,Claiborne County,L,0,28.829,NULL,0,Non-MSA
movesdb20241112,47027,47,Clay County,L,0,29.257,NULL,0,Non-MSA
movesdb20241112,47029,47,Cocke County,L,0,28.744,NULL,0,Non-MSA
movesdb20241112,47031,47,Coffee County,L,0,29.2,NULL,0,Non-MSA
movesdb20241112,47033,47,Crockett County,L,0,29.688,NULL,1,Jackson; TN
movesdb20241112,47035,47,Cumberland County,L,0,28.553,NULL,0,Non-MSA
movesdb20241112,47037,47,Davidson County,L,0,29.478,NULL,1,Nashville-Davidson--Murfreesboro--Franklin; TN
movesdb20241112,47039,47,Decatur County,L,0,29.597,NULL,0,Non-MSA
movesdb20241112,47041,47,DeKalb County,L,0,29.246,NULL,0,Non-MSA
movesdb20241112,47043,47,Dickson County,L,0,29.495,NULL,1,Nashville-Davidson--Murfreesboro--Franklin; TN
movesdb20241112,47045,47,Dyer County,L,0,29.699,NULL,0,Non-MSA
movesdb20241112,47047,47,Fayette County,L,0,29.752,NULL,1,Memphis; TN-MS-AR
movesdb20241112,47049,47,Fentress County,L,0,28.965,NULL,0,Non-MSA
movesdb20241112,47051,47,Franklin County,L,0,29.189,NULL,0,Non-MSA
movesdb20241112,47053,47,Gibson County,L,0,29.666,NULL,0,Non-MSA
movesdb20241112,47055,47,Giles County,L,0,29.429,NULL,0,Non-MSA
movesdb20241112,47057,47,Grainger County,L,0,28.872,NULL,1,Knoxville; TN
movesdb20241112,47059,47,Greene County,L,0,28.615,NULL,0,Non-MSA
movesdb20241112,47061,47,Grundy County,L,0,28.989,NULL,0,Non-MSA
movesdb20241112,47063,47,Hamblen County,L,0,28.799,NULL,1,Morristown; TN
movesdb20241112,47065,47,Hamilton County,L,0,29.298,NULL,1,Chattanooga; TN-GA
movesdb20241112,47067,47,Hancock County,L,0,28.674,NULL,0,Non-MSA
movesdb20241112,47069,47,Hardeman County,L,0,29.686,NULL,0,Non-MSA
movesdb20241112,47071,47,Hardin County,L,0,29.618,NULL,0,Non-MSA
movesdb20241112,47073,47,Hawkins County,L,0,28.576,NULL,1,Kingsport-Bristol-Bristol; TN-VA
movesdb20241112,47075,47,Haywood County,L,0,29.682,NULL,0,Non-MSA
movesdb20241112,47077,47,Henderson County,L,0,29.623,NULL,0,Non-MSA
movesdb20241112,47079,47,Henry County,L,0,29.604,NULL,0,Non-MSA
movesdb20241112,47081,47,Hickman County,L,0,29.479,NULL,1,Nashville-Davidson--Murfreesboro--Franklin; TN
movesdb20241112,47083,47,Houston County,L,0,29.529,NULL,0,Non-MSA
movesdb20241112,47085,47,Humphreys County,L,0,29.516,NULL,0,Non-MSA
movesdb20241112,47087,47,Jackson County,L,0,29.256,NULL,0,Non-MSA
movesdb20241112,47089,47,Jefferson County,L,0,28.892,NULL,1,Morristown; TN
movesdb20241112,47091,47,Johnson County,L,0,28.394,NULL,0,Non-MSA
movesdb20241112,47093,47,Knox County,L,0,29.08,NULL,1,Knoxville; TN
movesdb20241112,47095,47,Lake County,L,0,29.684,NULL,0,Non-MSA
movesdb20241112,47097,47,Lauderdale County,L,0,29.683,NULL,0,Non-MSA
movesdb20241112,47099,47,Lawrence County,L,0,29.492,NULL,0,Non-MSA
movesdb20241112,47101,47,Lewis County,L,0,29.548,NULL,0,Non-MSA
movesdb20241112,47103,47,Lincoln County,L,0,29.369,NULL,0,Non-MSA
movesdb20241112,47105,47,Loudon County,L,0,28.986,NULL,1,Knoxville; TN
movesdb20241112,47107,47,McMinn County,L,0,28.709,NULL,0,Non-MSA
movesdb20241112,47109,47,McNairy County,L,0,29.637,NULL,0,Non-MSA
movesdb20241112,47111,47,Macon County,L,0,29.46,NULL,1,Nashville-Davidson--Murfreesboro--Franklin; TN
movesdb20241112,47113,47,Madison County,L,0,29.648,NULL,1,Jackson; TN
movesdb20241112,47115,47,Marion County,L,0,29.132,NULL,1,Chattanooga; TN-GA
movesdb20241112,47117,47,Marshall County,L,0,29.381,NULL,0,Non-MSA
movesdb20241112,47119,47,Maury County,L,0,29.431,NULL,1,Nashville-Davidson--Murfreesboro--Franklin; TN
movesdb20241112,47121,47,Meigs County,L,0,28.393,NULL,0,Non-MSA
movesdb20241112,47123,47,Monroe County,L,0,28.879,NULL,0,Non-MSA
movesdb20241112,47125,47,Montgomery County,L,0,29.487,NULL,1,Clarksville; TN-KY
movesdb20241112,47127,47,Moore County,L,0,29.279,NULL,0,Non-MSA
movesdb20241112,47129,47,Morgan County,L,0,28.926,NULL,1,Knoxville; TN
movesdb20241112,47131,47,Obion County,L,0,29.68,NULL,0,Non-MSA
movesdb20241112,47133,47,Overton County,L,0,29.044,NULL,0,Non-MSA
movesdb20241112,47135,47,Perry County,L,0,29.536,NULL,0,Non-MSA
movesdb20241112,47137,47,Pickett County,L,0,29.062,NULL,0,Non-MSA
movesdb20241112,47139,47,Polk County,L,0,29.008,NULL,1,Cleveland; TN
movesdb20241112,47141,47,Putnam County,L,0,29.043,NULL,0,Non-MSA
movesdb20241112,47143,47,Rhea County,L,0,28.194,NULL,0,Non-MSA
movesdb20241112,47145,47,Roane County,L,0,28.917,NULL,1,Knoxville; TN
movesdb20241112,47147,47,Robertson County,L,0,29.468,NULL,1,Nashville-Davidson--Murfreesboro--Franklin; TN
movesdb20241112,47149,47,Rutherford County,L,0,29.441,NULL,1,Nashville-Davidson--Murfreesboro--Franklin; TN
movesdb20241112,47151,47,Scott County,L,0,28.936,NULL,0,Non-MSA
movesdb20241112,47153,47,Sequatchie County,L,0,28.768,NULL,1,Chattanooga; TN-GA
movesdb20241112,47155,47,Sevier County,L,0,28.923,NULL,0,Non-MSA
movesdb20241112,47157,47,Shelby County,L,0,29.769,NULL,1,Memphis; TN-MS-AR
movesdb20241112,47159,47,Smith County,L,0,29.38,NULL,1,Nashville-Davidson--Murfreesboro--Franklin; TN
movesdb20241112,47161,47,Stewart County,L,0,29.551,NULL,0,Non-MSA
movesdb20241112,47163,47,Sullivan County,L,0,28.488,NULL,1,Kingsport-Bristol-Bristol; TN-VA
movesdb20241112,47165,47,Sumner County,L,0,29.478,NULL,1,Nashville-Davidson--Murfreesboro--Franklin; TN
movesdb20241112,47167,47,Tipton County,L,0,29.754,NULL,1,Memphis; TN-MS-AR
movesdb20241112,47169,47,Trousdale County,L,0,29.466,NULL,1,Nashville-Davidson--Murfreesboro--Franklin; TN
movesdb20241112,47171,47,Unicoi County,L,0,28.48,NULL,1,Johnson City; TN
movesdb20241112,47173,47,Union County,L,0,28.999,NULL,1,Knoxville; TN
movesdb20241112,47175,47,Van Buren County,L,0,28.654,NULL,0,Non-MSA
movesdb20241112,47177,47,Warren County,L,0,29.059,NULL,0,Non-MSA
movesdb20241112,47179,47,Washington County,L,0,28.447,NULL,1,Johnson City; TN
movesdb20241112,47181,47,Wayne County,L,0,29.584,NULL,0,Non-MSA
movesdb20241112,47183,47,Weakley County,L,0,29.655,NULL,0,Non-MSA
movesdb20241112,47185,47,White County,L,0,28.825,NULL,0,Non-MSA
movesdb20241112,47187,47,Williamson County,L,0,29.445,NULL,1,Nashville-Davidson--Murfreesboro--Franklin; TN
movesdb20241112,47189,47,Wilson County,L,0,29.465,NULL,1,Nashville-Davidson--Murfreesboro--Franklin; TN
movesdb20241112,48001,48,Anderson County,L,0,29.565,NULL,0,Non-MSA
movesdb20241112,48003,48,Andrews County,L,0,26.931,NULL,0,Non-MSA
movesdb20241112,48005,48,Angelina County,L,0,29.73,NULL,0,Non-MSA
movesdb20241112,48007,48,Aransas County,L,0,29.993,NULL,1,Corpus Christi; TX
movesdb20241112,48009,48,Archer County,L,0,28.79,NULL,1,Wichita Falls; TX
movesdb20241112,48011,48,Armstrong County,L,0,26.429,NULL,1,Amarillo; TX
movesdb20241112,48013,48,Atascosa County,L,0,29.342,NULL,1,San Antonio-New Braunfels; TX
movesdb20241112,48015,48,Austin County,L,0,29.728,NULL,1,Houston-The Woodlands-Sugar Land; TX
movesdb20241112,48017,48,Bailey County,L,0,26.199,NULL,0,Non-MSA
movesdb20241112,48019,48,Bandera County,L,0,28.789,NULL,1,San Antonio-New Braunfels; TX
movesdb20241112,48021,48,Bastrop County,L,0,29.326,NULL,1,Austin-Round Rock; TX
movesdb20241112,48023,48,Baylor County,L,0,28.505,NULL,0,Non-MSA
movesdb20241112,48025,48,Bee County,L,0,29.731,NULL,0,Non-MSA
movesdb20241112,48027,48,Bell County,L,0,29.268,NULL,1,Killeen-Temple; TX
movesdb20241112,48029,48,Bexar County,L,0,29.165,NULL,1,San Antonio-New Braunfels; TX
movesdb20241112,48031,48,Blanco County,L,0,28.421,NULL,0,Non-MSA
movesdb20241112,48033,48,Borden County,L,0,27.114,NULL,0,Non-MSA
movesdb20241112,48035,48,Bosque County,L,0,29.183,NULL,0,Non-MSA
movesdb20241112,48037,48,Bowie County,L,0,29.628,NULL,1,Texarkana; TX-AR
movesdb20241112,48039,48,Brazoria County,L,0,29.981,NULL,1,Houston-The Woodlands-Sugar Land; TX
movesdb20241112,48041,48,Brazos County,L,0,29.645,NULL,1,College Station-Bryan; TX
movesdb20241112,48043,48,Brewster County,L,0,27.268,NULL,0,Non-MSA
movesdb20241112,48045,48,Briscoe County,L,0,26.861,NULL,0,Non-MSA
movesdb20241112,48047,48,Brooks County,L,0,29.827,NULL,0,Non-MSA
movesdb20241112,48049,48,Brown County,L,0,28.4,NULL,0,Non-MSA
movesdb20241112,48051,48,Burleson County,L,0,29.621,NULL,1,College Station-Bryan; TX
movesdb20241112,48053,48,Burnet County,L,0,28.689,NULL,0,Non-MSA
movesdb20241112,48055,48,Caldwell County,L,0,29.172,NULL,1,Austin-Round Rock; TX
movesdb20241112,48057,48,Calhoun County,L,0,29.916,NULL,0,Non-MSA
movesdb20241112,48059,48,Callahan County,L,0,28.167,NULL,1,Abilene; TX
movesdb20241112,48061,48,Cameron County,L,0,29.936,NULL,1,Brownsville-Harlingen; TX
movesdb20241112,48063,48,Camp County,L,0,29.568,NULL,0,Non-MSA
movesdb20241112,48065,48,Carson County,L,0,26.887,NULL,1,Amarillo; TX
movesdb20241112,48067,48,Cass County,L,0,29.647,NULL,0,Non-MSA
movesdb20241112,48069,48,Castro County,L,0,26.471,NULL,0,Non-MSA
movesdb20241112,48071,48,Chambers County,L,0,29.94,NULL,1,Houston-The Woodlands-Sugar Land; TX
movesdb20241112,48073,48,Cherokee County,L,0,29.551,NULL,0,Non-MSA
movesdb20241112,48075,48,Childress County,L,0,27.896,NULL,0,Non-MSA
movesdb20241112,48077,48,Clay County,L,0,28.908,NULL,1,Wichita Falls; TX
movesdb20241112,48079,48,Cochran County,L,0,26.402,NULL,0,Non-MSA
movesdb20241112,48081,48,Coke County,L,0,27.872,NULL,0,Non-MSA
movesdb20241112,48083,48,Coleman County,L,0,28.227,NULL,0,Non-MSA
movesdb20241112,48085,48,Collin County,L,0,29.396,NULL,1,Dallas-Fort Worth-Arlington; TX
movesdb20241112,48087,48,Collingsworth County,L,0,27.629,NULL,0,Non-MSA
movesdb20241112,48089,48,Colorado County,L,0,29.698,NULL,0,Non-MSA
movesdb20241112,48091,48,Comal County,L,0,28.951,NULL,1,San Antonio-New Braunfels; TX
movesdb20241112,48093,48,Comanche County,L,0,28.741,NULL,0,Non-MSA
movesdb20241112,48095,48,Concho County,L,0,28.089,NULL,0,Non-MSA
movesdb20241112,48097,48,Cooke County,L,0,29.238,NULL,0,Non-MSA
movesdb20241112,48099,48,Coryell County,L,0,29.178,NULL,1,Killeen-Temple; TX
movesdb20241112,48101,48,Cottle County,L,0,27.931,NULL,0,Non-MSA
movesdb20241112,48103,48,Crane County,L,0,27.011,NULL,0,Non-MSA
movesdb20241112,48105,48,Crockett County,L,0,27.763,NULL,0,Non-MSA
movesdb20241112,48107,48,Crosby County,L,0,26.758,NULL,1,Lubbock; TX
movesdb20241112,48109,48,Culberson County,L,0,26.637,NULL,0,Non-MSA
movesdb20241112,48111,48,Dallam County,L,0,25.595,NULL,0,Non-MSA
movesdb20241112,48113,48,Dallas County,L,0,29.406,NULL,1,Dallas-Fort Worth-Arlington; TX
movesdb20241112,48115,48,Dawson County,L,0,26.928,NULL,0,Non-MSA
movesdb20241112,48117,48,Deaf Smith County,L,0,26.094,NULL,0,Non-MSA
movesdb20241112,48119,48,Delta County,L,0,29.423,NULL,0,Non-MSA
movesdb20241112,48121,48,Denton County,L,0,29.357,NULL,1,Dallas-Fort Worth-Arlington; TX
movesdb20241112,48123,48,DeWitt County,L,0,29.623,NULL,0,Non-MSA
movesdb20241112,48125,48,Dickens County,L,0,27.223,NULL,0,Non-MSA
movesdb20241112,48127,48,Dimmit County,L,0,29.304,NULL,0,Non-MSA
movesdb20241112,48129,48,Donley County,L,0,26.928,NULL,0,Non-MSA
movesdb20241112,48131,48,Duval County,L,0,29.707,NULL,0,Non-MSA
movesdb20241112,48133,48,Eastland County,L,0,28.503,NULL,0,Non-MSA
movesdb20241112,48135,48,Ector County,L,0,27.017,NULL,1,Odessa; TX
movesdb20241112,48137,48,Edwards County,L,0,28.502,NULL,0,Non-MSA
movesdb20241112,48139,48,Ellis County,L,0,29.37,NULL,1,Dallas-Fort Worth-Arlington; TX
movesdb20241112,48141,48,El Paso County,L,0,25.982,NULL,1,El Paso; TX
movesdb20241112,48143,48,Erath County,L,0,28.977,NULL,0,Non-MSA
movesdb20241112,48145,48,Falls County,L,0,29.479,NULL,1,Waco; TX
movesdb20241112,48147,48,Fannin County,L,0,29.372,NULL,0,Non-MSA
movesdb20241112,48149,48,Fayette County,L,0,29.51,NULL,0,Non-MSA
movesdb20241112,48151,48,Fisher County,L,0,27.685,NULL,0,Non-MSA
movesdb20241112,48153,48,Floyd County,L,0,26.961,NULL,0,Non-MSA
movesdb20241112,48155,48,Foard County,L,0,28.04,NULL,0,Non-MSA
movesdb20241112,48157,48,Fort Bend County,L,0,29.908,NULL,1,Houston-The Woodlands-Sugar Land; TX
movesdb20241112,48159,48,Franklin County,L,0,29.546,NULL,0,Non-MSA
movesdb20241112,48161,48,Freestone County,L,0,29.558,NULL,0,Non-MSA
movesdb20241112,48163,48,Frio County,L,0,29.18,NULL,0,Non-MSA
movesdb20241112,48165,48,Gaines County,L,0,26.759,NULL,0,Non-MSA
movesdb20241112,48167,48,Galveston County,L,0,29.997,NULL,1,Houston-The Woodlands-Sugar Land; TX
movesdb20241112,48169,48,Garza County,L,0,26.785,NULL,0,Non-MSA
movesdb20241112,48171,48,Gillespie County,L,0,28.497,NULL,0,Non-MSA
movesdb20241112,48173,48,Glasscock County,L,0,27.25,NULL,0,Non-MSA
movesdb20241112,48175,48,Goliad County,L,0,29.734,NULL,1,Victoria; TX
movesdb20241112,48177,48,Gonzales County,L,0,29.308,NULL,0,Non-MSA
movesdb20241112,48179,48,Gray County,L,0,26.956,NULL,0,Non-MSA
movesdb20241112,48181,48,Grayson County,L,0,29.291,NULL,1,Sherman-Denison; TX
movesdb20241112,48183,48,Gregg County,L,0,29.6,NULL,1,Longview; TX
movesdb20241112,48185,48,Grimes County,L,0,29.691,NULL,0,Non-MSA
movesdb20241112,48187,48,Guadalupe County,L,0,29.287,NULL,1,San Antonio-New Braunfels; TX
movesdb20241112,48189,48,Hale County,L,0,26.714,NULL,0,Non-MSA
movesdb20241112,48191,48,Hall County,L,0,27.455,NULL,0,Non-MSA
movesdb20241112,48193,48,Hamilton County,L,0,29.002,NULL,0,Non-MSA
movesdb20241112,48195,48,Hansford County,L,0,26.757,NULL,0,Non-MSA
movesdb20241112,48197,48,Hardeman County,L,0,28.041,NULL,0,Non-MSA
movesdb20241112,48199,48,Hardin County,L,0,29.859,NULL,1,Beaumont-Port Arthur; TX
movesdb20241112,48201,48,Harris County,L,0,29.892,NULL,1,Houston-The Woodlands-Sugar Land; TX
movesdb20241112,48203,48,Harrison County,L,0,29.655,NULL,0,Non-MSA
movesdb20241112,48205,48,Hartley County,L,0,25.853,NULL,0,Non-MSA
movesdb20241112,48207,48,Haskell County,L,0,28.158,NULL,0,Non-MSA
movesdb20241112,48209,48,Hays County,L,0,28.848,NULL,1,Austin-Round Rock; TX
movesdb20241112,48211,48,Hemphill County,L,0,27.334,NULL,0,Non-MSA
movesdb20241112,48213,48,Henderson County,L,0,29.547,NULL,0,Non-MSA
movesdb20241112,48215,48,Hidalgo County,L,0,29.852,NULL,1,McAllen-Edinburg-Mission; TX
movesdb20241112,48217,48,Hill County,L,0,29.321,NULL,0,Non-MSA
movesdb20241112,48219,48,Hockley County,L,0,26.569,NULL,0,Non-MSA
movesdb20241112,48221,48,Hood County,L,0,29.092,NULL,1,Dallas-Fort Worth-Arlington; TX
movesdb20241112,48223,48,Hopkins County,L,0,29.457,NULL,0,Non-MSA
movesdb20241112,48225,48,Houston County,L,0,29.621,NULL,0,Non-MSA
movesdb20241112,48227,48,Howard County,L,0,27.288,NULL,0,Non-MSA
movesdb20241112,48229,48,Hudspeth County,L,0,26.162,NULL,1,El Paso; TX
movesdb20241112,48231,48,Hunt County,L,0,29.424,NULL,1,Dallas-Fort Worth-Arlington; TX
movesdb20241112,48233,48,Hutchinson County,L,0,26.672,NULL,0,Non-MSA
movesdb20241112,48235,48,Irion County,L,0,27.828,NULL,1,San Angelo; TX
movesdb20241112,48237,48,Jack County,L,0,28.938,NULL,0,Non-MSA
movesdb20241112,48239,48,Jackson County,L,0,29.847,NULL,0,Non-MSA
movesdb20241112,48241,48,Jasper County,L,0,29.813,NULL,0,Non-MSA
movesdb20241112,48243,48,Jeff Davis County,L,0,26.894,NULL,0,Non-MSA
movesdb20241112,48245,48,Jefferson County,L,0,29.974,NULL,1,Beaumont-Port Arthur; TX
movesdb20241112,48247,48,Jim Hogg County,L,0,29.761,NULL,0,Non-MSA
movesdb20241112,48249,48,Jim Wells County,L,0,29.81,NULL,0,Non-MSA
movesdb20241112,48251,48,Johnson County,L,0,29.292,NULL,1,Dallas-Fort Worth-Arlington; TX
movesdb20241112,48253,48,Jones County,L,0,28.111,NULL,1,Abilene; TX
movesdb20241112,48255,48,Karnes County,L,0,29.494,NULL,0,Non-MSA
movesdb20241112,48257,48,Kaufman County,L,0,29.465,NULL,1,Dallas-Fort Worth-Arlington; TX
movesdb20241112,48259,48,Kendall County,L,0,28.716,NULL,1,San Antonio-New Braunfels; TX
movesdb20241112,48261,48,Kenedy County,L,0,29.889,NULL,0,Non-MSA
movesdb20241112,48263,48,Kent County,L,0,27.241,NULL,0,Non-MSA
movesdb20241112,48265,48,Kerr County,L,0,28.436,NULL,0,Non-MSA
movesdb20241112,48267,48,Kimble County,L,0,28.273,NULL,0,Non-MSA
movesdb20241112,48269,48,King County,L,0,27.753,NULL,0,Non-MSA
movesdb20241112,48271,48,Kinney County,L,0,28.899,NULL,0,Non-MSA
movesdb20241112,48273,48,Kleberg County,L,0,29.825,NULL,0,Non-MSA
movesdb20241112,48275,48,Knox County,L,0,28.025,NULL,0,Non-MSA
movesdb20241112,48277,48,Lamar County,L,0,29.407,NULL,0,Non-MSA
movesdb20241112,48279,48,Lamb County,L,0,26.445,NULL,0,Non-MSA
movesdb20241112,48281,48,Lampasas County,L,0,28.751,NULL,1,Killeen-Temple; TX
movesdb20241112,48283,48,La Salle County,L,0,29.501,NULL,0,Non-MSA
movesdb20241112,48285,48,Lavaca County,L,0,29.577,NULL,0,Non-MSA
movesdb20241112,48287,48,Lee County,L,0,29.43,NULL,0,Non-MSA
movesdb20241112,48289,48,Leon County,L,0,29.57,NULL,0,Non-MSA
movesdb20241112,48291,48,Liberty County,L,0,29.839,NULL,1,Houston-The Woodlands-Sugar Land; TX
movesdb20241112,48293,48,Limestone County,L,0,29.501,NULL,0,Non-MSA
movesdb20241112,48295,48,Lipscomb County,L,0,27.248,NULL,0,Non-MSA
movesdb20241112,48297,48,Live Oak County,L,0,29.634,NULL,0,Non-MSA
movesdb20241112,48299,48,Llano County,L,0,28.582,NULL,0,Non-MSA
movesdb20241112,48301,48,Loving County,L,0,26.843,NULL,0,Non-MSA
movesdb20241112,48303,48,Lubbock County,L,0,26.691,NULL,1,Lubbock; TX
movesdb20241112,48305,48,Lynn County,L,0,26.722,NULL,1,Lubbock; TX
movesdb20241112,48307,48,McCulloch County,L,0,28.354,NULL,0,Non-MSA
movesdb20241112,48309,48,McLennan County,L,0,29.459,NULL,1,Waco; TX
movesdb20241112,48311,48,McMullen County,L,0,29.501,NULL,0,Non-MSA
movesdb20241112,48313,48,Madison County,L,0,29.642,NULL,0,Non-MSA
movesdb20241112,48315,48,Marion County,L,0,29.637,NULL,0,Non-MSA
movesdb20241112,48317,48,Martin County,L,0,27.11,NULL,1,Midland; TX
movesdb20241112,48319,48,Mason County,L,0,28.351,NULL,0,Non-MSA
movesdb20241112,48321,48,Matagorda County,L,0,29.951,NULL,0,Non-MSA
movesdb20241112,48323,48,Maverick County,L,0,28.961,NULL,0,Non-MSA
movesdb20241112,48325,48,Medina County,L,0,29.057,NULL,1,San Antonio-New Braunfels; TX
movesdb20241112,48327,48,Menard County,L,0,28.18,NULL,0,Non-MSA
movesdb20241112,48329,48,Midland County,L,0,27.118,NULL,1,Midland; TX
movesdb20241112,48331,48,Milam County,L,0,29.396,NULL,0,Non-MSA
movesdb20241112,48333,48,Mills County,L,0,28.66,NULL,0,Non-MSA
movesdb20241112,48335,48,Mitchell County,L,0,27.553,NULL,0,Non-MSA
movesdb20241112,48337,48,Montague County,L,0,29.003,NULL,0,Non-MSA
movesdb20241112,48339,48,Montgomery County,L,0,29.76,NULL,1,Houston-The Woodlands-Sugar Land; TX
movesdb20241112,48341,48,Moore County,L,0,26.279,NULL,0,Non-MSA
movesdb20241112,48343,48,Morris County,L,0,29.597,NULL,0,Non-MSA
movesdb20241112,48345,48,Motley County,L,0,27.48,NULL,0,Non-MSA
movesdb20241112,48347,48,Nacogdoches County,L,0,29.681,NULL,0,Non-MSA
movesdb20241112,48349,48,Navarro County,L,0,29.502,NULL,0,Non-MSA
movesdb20241112,48351,48,Newton County,L,0,29.848,NULL,1,Beaumont-Port Arthur; TX
movesdb20241112,48353,48,Nolan County,L,0,27.843,NULL,0,Non-MSA
movesdb20241112,48355,48,Nueces County,L,0,29.939,NULL,1,Corpus Christi; TX
movesdb20241112,48357,48,Ochiltree County,L,0,26.868,NULL,0,Non-MSA
movesdb20241112,48359,48,Oldham County,L,0,25.92,NULL,1,Amarillo; TX
movesdb20241112,48361,48,Orange County,L,0,29.959,NULL,1,Beaumont-Port Arthur; TX
movesdb20241112,48363,48,Palo Pinto County,L,0,28.986,NULL,0,Non-MSA
movesdb20241112,48365,48,Panola County,L,0,29.674,NULL,0,Non-MSA
movesdb20241112,48367,48,Parker County,L,0,29.111,NULL,1,Dallas-Fort Worth-Arlington; TX
movesdb20241112,48369,48,Parmer County,L,0,26.037,NULL,0,Non-MSA
movesdb20241112,48371,48,Pecos County,L,0,27.154,NULL,0,Non-MSA
movesdb20241112,48373,48,Polk County,L,0,29.734,NULL,0,Non-MSA
movesdb20241112,48375,48,Potter County,L,0,26.427,NULL,1,Amarillo; TX
movesdb20241112,48377,48,Presidio County,L,0,26.944,NULL,0,Non-MSA
movesdb20241112,48379,48,Rains County,L,0,29.479,NULL,0,Non-MSA
movesdb20241112,48381,48,Randall County,L,0,26.383,NULL,1,Amarillo; TX
movesdb20241112,48383,48,Reagan County,L,0,27.346,NULL,0,Non-MSA
movesdb20241112,48385,48,Real County,L,0,28.594,NULL,0,Non-MSA
movesdb20241112,48387,48,Red River County,L,0,29.512,NULL,0,Non-MSA
movesdb20241112,48389,48,Reeves County,L,0,27.024,NULL,0,Non-MSA
movesdb20241112,48391,48,Refugio County,L,0,29.932,NULL,0,Non-MSA
movesdb20241112,48393,48,Roberts County,L,0,26.948,NULL,0,Non-MSA
movesdb20241112,48395,48,Robertson County,L,0,29.507,NULL,1,College Station-Bryan; TX
movesdb20241112,48397,48,Rockwall County,L,0,29.434,NULL,1,Dallas-Fort Worth-Arlington; TX
movesdb20241112,48399,48,Runnels County,L,0,28.036,NULL,0,Non-MSA
movesdb20241112,48401,48,Rusk County,L,0,29.605,NULL,1,Longview; TX
movesdb20241112,48403,48,Sabine County,L,0,29.776,NULL,0,Non-MSA
movesdb20241112,48405,48,San Augustine County,L,0,29.747,NULL,0,Non-MSA
movesdb20241112,48407,48,San Jacinto County,L,0,29.716,NULL,0,Non-MSA
movesdb20241112,48409,48,San Patricio County,L,0,29.92,NULL,1,Corpus Christi; TX
movesdb20241112,48411,48,San Saba County,L,0,28.611,NULL,0,Non-MSA
movesdb20241112,48413,48,Schleicher County,L,0,28.073,NULL,0,Non-MSA
movesdb20241112,48415,48,Scurry County,L,0,27.329,NULL,0,Non-MSA
movesdb20241112,48417,48,Shackelford County,L,0,28.297,NULL,0,Non-MSA
movesdb20241112,48419,48,Shelby County,L,0,29.703,NULL,0,Non-MSA
movesdb20241112,48421,48,Sherman County,L,0,26.25,NULL,0,Non-MSA
movesdb20241112,48423,48,Smith County,L,0,29.501,NULL,1,Tyler; TX
movesdb20241112,48425,48,Somervell County,L,0,29.135,NULL,1,Dallas-Fort Worth-Arlington; TX
movesdb20241112,48427,48,Starr County,L,0,29.832,NULL,0,Non-MSA
movesdb20241112,48429,48,Stephens County,L,0,28.571,NULL,0,Non-MSA
movesdb20241112,48431,48,Sterling County,L,0,27.597,NULL,0,Non-MSA
movesdb20241112,48433,48,Stonewall County,L,0,27.759,NULL,0,Non-MSA
movesdb20241112,48435,48,Sutton County,L,0,28.13,NULL,0,Non-MSA
movesdb20241112,48437,48,Swisher County,L,0,26.582,NULL,0,Non-MSA
movesdb20241112,48439,48,Tarrant County,L,0,29.292,NULL,1,Dallas-Fort Worth-Arlington; TX
movesdb20241112,48441,48,Taylor County,L,0,28.126,NULL,1,Abilene; TX
movesdb20241112,48443,48,Terrell County,L,0,27.671,NULL,0,Non-MSA
movesdb20241112,48445,48,Terry County,L,0,26.707,NULL,0,Non-MSA
movesdb20241112,48447,48,Throckmorton County,L,0,28.485,NULL,0,Non-MSA
movesdb20241112,48449,48,Titus County,L,0,29.559,NULL,0,Non-MSA
movesdb20241112,48451,48,Tom Green County,L,0,28.021,NULL,1,San Angelo; TX
movesdb20241112,48453,48,Travis County,L,0,28.944,NULL,1,Austin-Round Rock; TX
movesdb20241112,48455,48,Trinity County,L,0,29.702,NULL,0,Non-MSA
movesdb20241112,48457,48,Tyler County,L,0,29.783,NULL,0,Non-MSA
movesdb20241112,48459,48,Upshur County,L,0,29.572,NULL,1,Longview; TX
movesdb20241112,48461,48,Upton County,L,0,27.11,NULL,0,Non-MSA
movesdb20241112,48463,48,Uvalde County,L,0,28.929,NULL,0,Non-MSA
movesdb20241112,48465,48,Val Verde County,L,0,28.685,NULL,0,Non-MSA
movesdb20241112,48467,48,Van Zandt County,L,0,29.522,NULL,0,Non-MSA
movesdb20241112,48469,48,Victoria County,L,0,29.827,NULL,1,Victoria; TX
movesdb20241112,48471,48,Walker County,L,0,29.687,NULL,0,Non-MSA
movesdb20241112,48473,48,Waller County,L,0,29.756,NULL,1,Houston-The Woodlands-Sugar Land; TX
movesdb20241112,48475,48,Ward County,L,0,27.105,NULL,0,Non-MSA
movesdb20241112,48477,48,Washington County,L,0,29.661,NULL,0,Non-MSA
movesdb20241112,48479,48,Webb County,L,0,29.562,NULL,1,Laredo; TX
movesdb20241112,48481,48,Wharton County,L,0,29.879,NULL,0,Non-MSA
movesdb20241112,48483,48,Wheeler County,L,0,27.22,NULL,0,Non-MSA
movesdb20241112,48485,48,Wichita County,L,0,28.719,NULL,1,Wichita Falls; TX
movesdb20241112,48487,48,Wilbarger County,L,0,28.466,NULL,0,Non-MSA
movesdb20241112,48489,48,Willacy County,L,0,29.902,NULL,0,Non-MSA
movesdb20241112,48491,48,Williamson County,L,0,29.06,NULL,1,Austin-Round Rock; TX
movesdb20241112,48493,48,Wilson County,L,0,29.383,NULL,1,San Antonio-New Braunfels; TX
movesdb20241112,48495,48,Winkler County,L,0,27.025,NULL,0,Non-MSA
movesdb20241112,48497,48,Wise County,L,0,29.143,NULL,1,Dallas-Fort Worth-Arlington; TX
movesdb20241112,48499,48,Wood County,L,0,29.528,NULL,0,Non-MSA
movesdb20241112,48501,48,Yoakum County,L,0,26.67,NULL,0,Non-MSA
movesdb20241112,48503,48,Young County,L,0,28.831,NULL,0,Non-MSA
movesdb20241112,48505,48,Zapata County,L,0,29.675,NULL,0,Non-MSA
movesdb20241112,48507,48,Zavala County,L,0,29.072,NULL,0,Non-MSA
movesdb20241112,49001,49,Beaver County,H,1,24.98,NULL,0,Non-MSA
movesdb20241112,49003,49,Box Elder County,H,1,25.406,NULL,1,Ogden-Clearfield; UT
movesdb20241112,49005,49,Cache County,H,1,25.221,NULL,1,Logan; UT-ID
movesdb20241112,49007,49,Carbon County,H,1,24.426,NULL,0,Non-MSA
movesdb20241112,49009,49,Daggett County,H,1,23.907,NULL,0,Non-MSA
movesdb20241112,49011,49,Davis County,H,1,25.479,NULL,1,Ogden-Clearfield; UT
movesdb20241112,49013,49,Duchesne County,H,1,24.538,NULL,0,Non-MSA
movesdb20241112,49015,49,Emery County,H,1,24.349,NULL,0,Non-MSA
movesdb20241112,49017,49,Garfield County,H,1,23.484,NULL,0,Non-MSA
movesdb20241112,49019,49,Grand County,H,1,25.164,NULL,0,Non-MSA
movesdb20241112,49021,49,Iron County,H,1,24.52,NULL,0,Non-MSA
movesdb20241112,49023,49,Juab County,H,1,24.877,NULL,1,Provo-Orem; UT
movesdb20241112,49025,49,Kane County,H,1,23.341,NULL,0,Non-MSA
movesdb20241112,49027,49,Millard County,H,1,24.61,NULL,0,Non-MSA
movesdb20241112,49029,49,Morgan County,H,1,25.087,NULL,1,Ogden-Clearfield; UT
movesdb20241112,49031,49,Piute County,H,1,24.312,NULL,0,Non-MSA
movesdb20241112,49033,49,Rich County,H,1,25.031,NULL,0,Non-MSA
movesdb20241112,49035,49,Salt Lake County,H,1,25.42,NULL,1,Salt Lake City; UT
movesdb20241112,49037,49,San Juan County,H,1,24.585,NULL,0,Non-MSA
movesdb20241112,49039,49,Sanpete County,H,1,24.905,NULL,0,Non-MSA
movesdb20241112,49041,49,Sevier County,H,1,24.597,NULL,0,Non-MSA
movesdb20241112,49043,49,Summit County,H,1,24.612,NULL,0,Non-MSA
movesdb20241112,49045,49,Tooele County,H,1,25.282,NULL,1,Salt Lake City; UT
movesdb20241112,49047,49,Uintah County,H,1,24.681,NULL,0,Non-MSA
movesdb20241112,49049,49,Utah County,H,1,25.631,NULL,1,Provo-Orem; UT
movesdb20241112,49051,49,Wasatch County,H,1,25.588,NULL,0,Non-MSA
movesdb20241112,49053,49,Washington County,H,1,24.735,NULL,1,St. George; UT
movesdb20241112,49055,49,Wayne County,H,1,24.355,NULL,0,Non-MSA
movesdb20241112,49057,49,Weber County,H,1,25.498,NULL,1,Ogden-Clearfield; UT
movesdb20241112,50001,50,Addison County,L,0,29.441,NULL,0,Non-MSA
movesdb20241112,50003,50,Bennington County,L,0,29.484,NULL,0,Non-MSA
movesdb20241112,50005,50,Caledonia County,L,0,29.092,NULL,0,Non-MSA
movesdb20241112,50007,50,Chittenden County,L,0,29.601,NULL,1,Burlington-South Burlington; VT
movesdb20241112,50009,50,Essex County,L,0,28.93,NULL,0,Non-MSA
movesdb20241112,50011,50,Franklin County,L,0,29.272,NULL,1,Burlington-South Burlington; VT
movesdb20241112,50013,50,Grand Isle County,L,0,29.404,NULL,1,Burlington-South Burlington; VT
movesdb20241112,50015,50,Lamoille County,L,0,29.34,NULL,0,Non-MSA
movesdb20241112,50017,50,Orange County,L,0,28.851,NULL,0,Non-MSA
movesdb20241112,50019,50,Orleans County,L,0,29.258,NULL,0,Non-MSA
movesdb20241112,50021,50,Rutland County,L,0,29.34,NULL,0,Non-MSA
movesdb20241112,50023,50,Washington County,L,0,29.112,NULL,0,Non-MSA
movesdb20241112,50025,50,Windham County,L,0,29.441,NULL,0,Non-MSA
movesdb20241112,50027,50,Windsor County,L,0,29.306,NULL,0,Non-MSA
movesdb20241112,51001,51,Accomack County,L,0,30.006,NULL,0,Non-MSA
movesdb20241112,51003,51,Albemarle County,L,0,29.298,NULL,1,Charlottesville; VA
movesdb20241112,51005,51,Alleghany County,L,0,28.574,NULL,0,Non-MSA
movesdb20241112,51007,51,Amelia County,L,0,29.62,NULL,1,Richmond; VA
movesdb20241112,51009,51,Amherst County,L,0,28.919,NULL,1,Lynchburg; VA
movesdb20241112,51011,51,Appomattox County,L,0,29.088,NULL,1,Lynchburg; VA
movesdb20241112,51013,51,Arlington County,L,0,29.739,NULL,1,Washington-Arlington-Alexandria; DC-VA-MD-WV
movesdb20241112,51015,51,Augusta County,L,0,28.686,NULL,1,Staunton-Waynesboro; VA
movesdb20241112,51017,51,Bath County,L,0,28.438,NULL,0,Non-MSA
movesdb20241112,51019,51,Bedford County,L,0,28.822,NULL,1,Lynchburg; VA
movesdb20241112,51021,51,Bland County,L,0,27.151,NULL,0,Non-MSA
movesdb20241112,51023,51,Botetourt County,L,0,28.739,NULL,1,Roanoke; VA
movesdb20241112,51025,51,Brunswick County,L,0,29.739,NULL,0,Non-MSA
movesdb20241112,51027,51,Buchanan County,L,0,28.151,NULL,0,Non-MSA
movesdb20241112,51029,51,Buckingham County,L,0,29.277,NULL,1,Charlottesville; VA
movesdb20241112,51031,51,Campbell County,L,0,29.024,NULL,1,Lynchburg; VA
movesdb20241112,51033,51,Caroline County,L,0,29.679,NULL,1,Richmond; VA
movesdb20241112,51035,51,Carroll County,L,0,28.189,NULL,0,Non-MSA
movesdb20241112,51036,51,Charles City County,L,0,29.89,NULL,1,Richmond; VA
movesdb20241112,51037,51,Charlotte County,L,0,29.228,NULL,0,Non-MSA
movesdb20241112,51041,51,Chesterfield County,L,0,29.825,NULL,1,Richmond; VA
movesdb20241112,51043,51,Clarke County,L,0,29.353,NULL,1,Washington-Arlington-Alexandria; DC-VA-MD-WV
movesdb20241112,51045,51,Craig County,L,0,28.485,NULL,1,Roanoke; VA
movesdb20241112,51047,51,Culpeper County,L,0,29.399,NULL,1,Washington-Arlington-Alexandria; DC-VA-MD-WV
movesdb20241112,51049,51,Cumberland County,L,0,29.458,NULL,0,Non-MSA
movesdb20241112,51051,51,Dickenson County,L,0,28.496,NULL,0,Non-MSA
movesdb20241112,51053,51,Dinwiddie County,L,0,29.821,NULL,1,Richmond; VA
movesdb20241112,51057,51,Essex County,L,0,29.885,NULL,0,Non-MSA
movesdb20241112,51059,51,Fairfax County,L,0,29.765,NULL,1,Washington-Arlington-Alexandria; DC-VA-MD-WV
movesdb20241112,51061,51,Fauquier County,L,0,29.481,NULL,1,Washington-Arlington-Alexandria; DC-VA-MD-WV
movesdb20241112,51063,51,Floyd County,L,0,28.425,NULL,1,Blacksburg-Christiansburg-Radford; VA
movesdb20241112,51065,51,Fluvanna County,L,0,29.35,NULL,1,Charlottesville; VA
movesdb20241112,51067,51,Franklin County,L,0,28.784,NULL,1,Roanoke; VA
movesdb20241112,51069,51,Frederick County,L,0,29.035,NULL,1,Winchester; VA-WV
movesdb20241112,51071,51,Giles County,L,0,27.576,NULL,1,Blacksburg-Christiansburg-Radford; VA
movesdb20241112,51073,51,Gloucester County,L,0,29.962,NULL,1,Virginia Beach-Norfolk-Newport News; VA-NC
movesdb20241112,51075,51,Goochland County,L,0,29.529,NULL,1,Richmond; VA
movesdb20241112,51077,51,Grayson County,L,0,28.078,NULL,0,Non-MSA
movesdb20241112,51079,51,Greene County,L,0,29.278,NULL,1,Charlottesville; VA
movesdb20241112,51081,51,Greensville County,L,0,29.818,NULL,0,Non-MSA
movesdb20241112,51083,51,Halifax County,L,0,29.252,NULL,0,Non-MSA
movesdb20241112,51085,51,Hanover County,L,0,29.77,NULL,1,Richmond; VA
movesdb20241112,51087,51,Henrico County,L,0,29.825,NULL,1,Richmond; VA
movesdb20241112,51089,51,Henry County,L,0,28.935,NULL,0,Non-MSA
movesdb20241112,51091,51,Highland County,L,0,28.104,NULL,0,Non-MSA
movesdb20241112,51093,51,Isle of Wight County,L,0,29.961,NULL,1,Virginia Beach-Norfolk-Newport News; VA-NC
movesdb20241112,51095,51,James City County,L,0,29.935,NULL,1,Virginia Beach-Norfolk-Newport News; VA-NC
movesdb20241112,51097,51,King and Queen County,L,0,29.891,NULL,0,Non-MSA
movesdb20241112,51099,51,King George County,L,0,29.885,NULL,0,Non-MSA
movesdb20241112,51101,51,King William County,L,0,29.862,NULL,1,Richmond; VA
movesdb20241112,51103,51,Lancaster County,L,0,29.941,NULL,0,Non-MSA
movesdb20241112,51105,51,Lee County,L,0,28.642,NULL,0,Non-MSA
movesdb20241112,51107,51,Loudoun County,L,0,29.454,NULL,1,Washington-Arlington-Alexandria; DC-VA-MD-WV
movesdb20241112,51109,51,Louisa County,L,0,29.482,NULL,0,Non-MSA
movesdb20241112,51111,51,Lunenburg County,L,0,29.549,NULL,0,Non-MSA
movesdb20241112,51113,51,Madison County,L,0,29.296,NULL,0,Non-MSA
movesdb20241112,51115,51,Mathews County,L,0,29.971,NULL,1,Virginia Beach-Norfolk-Newport News; VA-NC
movesdb20241112,51117,51,Mecklenburg County,L,0,29.489,NULL,0,Non-MSA
movesdb20241112,51119,51,Middlesex County,L,0,29.946,NULL,0,Non-MSA
movesdb20241112,51121,51,Montgomery County,L,0,28.256,NULL,1,Blacksburg-Christiansburg-Radford; VA
movesdb20241112,51125,51,Nelson County,L,0,29.051,NULL,1,Charlottesville; VA
movesdb20241112,51127,51,New Kent County,L,0,29.881,NULL,1,Richmond; VA
movesdb20241112,51131,51,Northampton County,L,0,29.998,NULL,0,Non-MSA
movesdb20241112,51133,51,Northumberland County,L,0,29.962,NULL,0,Non-MSA
movesdb20241112,51135,51,Nottoway County,L,0,29.593,NULL,0,Non-MSA
movesdb20241112,51137,51,Orange County,L,0,29.382,NULL,0,Non-MSA
movesdb20241112,51139,51,Page County,L,0,29.052,NULL,0,Non-MSA
movesdb20241112,51141,51,Patrick County,L,0,28.531,NULL,0,Non-MSA
movesdb20241112,51143,51,Pittsylvania County,L,0,29.029,NULL,0,Non-MSA
movesdb20241112,51145,51,Powhatan County,L,0,29.571,NULL,1,Richmond; VA
movesdb20241112,51147,51,Prince Edward County,L,0,29.269,NULL,0,Non-MSA
movesdb20241112,51149,51,Prince George County,L,0,29.881,NULL,1,Richmond; VA
movesdb20241112,51153,51,Prince William County,L,0,29.759,NULL,1,Washington-Arlington-Alexandria; DC-VA-MD-WV
movesdb20241112,51155,51,Pulaski County,L,0,27.625,NULL,1,Blacksburg-Christiansburg-Radford; VA
movesdb20241112,51157,51,Rappahannock County,L,0,29.31,NULL,1,Washington-Arlington-Alexandria; DC-VA-MD-WV
movesdb20241112,51159,51,Richmond County,L,0,29.901,NULL,0,Non-MSA
movesdb20241112,51161,51,Roanoke County,L,0,28.578,NULL,1,Roanoke; VA
movesdb20241112,51163,51,Rockbridge County,L,0,28.743,NULL,0,Non-MSA
movesdb20241112,51165,51,Rockingham County,L,0,28.728,NULL,1,Harrisonburg; VA
movesdb20241112,51167,51,Russell County,L,0,28.386,NULL,0,Non-MSA
movesdb20241112,51169,51,Scott County,L,0,28.552,NULL,1,Kingsport-Bristol-Bristol; TN-VA
movesdb20241112,51171,51,Shenandoah County,L,0,28.906,NULL,0,Non-MSA
movesdb20241112,51173,51,Smyth County,L,0,27.904,NULL,0,Non-MSA
movesdb20241112,51175,51,Southampton County,L,0,29.942,NULL,0,Non-MSA
movesdb20241112,51177,51,Spotsylvania County,L,0,29.675,NULL,1,Washington-Arlington-Alexandria; DC-VA-MD-WV
movesdb20241112,51179,51,Stafford County,L,0,29.77,NULL,1,Washington-Arlington-Alexandria; DC-VA-MD-WV
movesdb20241112,51181,51,Surry County,L,0,29.916,NULL,0,Non-MSA
movesdb20241112,51183,51,Sussex County,L,0,29.887,NULL,1,Richmond; VA
movesdb20241112,51185,51,Tazewell County,L,0,27.695,NULL,0,Non-MSA
movesdb20241112,51187,51,Warren County,L,0,29.258,NULL,1,Washington-Arlington-Alexandria; DC-VA-MD-WV
movesdb20241112,51191,51,Washington County,L,0,28.257,NULL,1,Kingsport-Bristol-Bristol; TN-VA
movesdb20241112,51193,51,Westmoreland County,L,0,29.928,NULL,0,Non-MSA
movesdb20241112,51195,51,Wise County,L,0,28.567,NULL,0,Non-MSA
movesdb20241112,51197,51,Wythe County,L,0,27.449,NULL,0,Non-MSA
movesdb20241112,51199,51,York County,L,0,29.987,NULL,1,Virginia Beach-Norfolk-Newport News; VA-NC
movesdb20241112,51510,51,Alexandria city,L,0,29.82,NULL,1,Washington-Arlington-Alexandria; DC-VA-MD-WV
movesdb20241112,51515,51,Bedford city,L,0,28.825,NULL,0,Non-MSA
movesdb20241112,51520,51,Bristol city,L,0,28.46,NULL,1,Kingsport-Bristol-Bristol; TN-VA
movesdb20241112,51530,51,Buena Vista city,L,0,28.814,NULL,0,Non-MSA
movesdb20241112,51540,51,Charlottesville city,L,0,29.33,NULL,1,Charlottesville; VA
movesdb20241112,51550,51,Chesapeake city,L,0,29.99,NULL,1,Virginia Beach-Norfolk-Newport News; VA-NC
movesdb20241112,51560,51,Clifton Forge city,L,0,28.56,NULL,0,Non-MSA
movesdb20241112,51570,51,Colonial Heights city,L,0,29.861,NULL,1,Richmond; VA
movesdb20241112,51580,51,Covington city,L,0,28.568,NULL,0,Non-MSA
movesdb20241112,51590,51,Danville city,L,0,29.225,NULL,0,Non-MSA
movesdb20241112,51595,51,Emporia city,L,0,29.825,NULL,0,Non-MSA
movesdb20241112,51600,51,Fairfax city,L,0,29.625,NULL,1,Washington-Arlington-Alexandria; DC-VA-MD-WV
movesdb20241112,51610,51,Falls Church city,L,0,29.761,NULL,1,Washington-Arlington-Alexandria; DC-VA-MD-WV
movesdb20241112,51620,51,Franklin city,L,0,29.956,NULL,0,Non-MSA
movesdb20241112,51630,51,Fredericksburg city,L,0,29.753,NULL,1,Washington-Arlington-Alexandria; DC-VA-MD-WV
movesdb20241112,51640,51,Galax city,L,0,28.082,NULL,0,Non-MSA
movesdb20241112,51650,51,Hampton city,L,0,30.006,NULL,1,Virginia Beach-Norfolk-Newport News; VA-NC
movesdb20241112,51660,51,Harrisonburg city,L,0,28.705,NULL,1,Harrisonburg; VA
movesdb20241112,51670,51,Hopewell city,L,0,29.881,NULL,1,Richmond; VA
movesdb20241112,51678,51,Lexington city,L,0,28.76,NULL,0,Non-MSA
movesdb20241112,51680,51,Lynchburg city,L,0,28.976,NULL,1,Lynchburg; VA
movesdb20241112,51683,51,Manassas city,L,0,29.688,NULL,1,Washington-Arlington-Alexandria; DC-VA-MD-WV
movesdb20241112,51685,51,Manassas Park city,L,0,29.683,NULL,1,Washington-Arlington-Alexandria; DC-VA-MD-WV
movesdb20241112,51690,51,Martinsville city,L,0,28.95,NULL,0,Non-MSA
movesdb20241112,51700,51,Newport News city,L,0,29.996,NULL,1,Virginia Beach-Norfolk-Newport News; VA-NC
movesdb20241112,51710,51,Norfolk city,L,0,29.996,NULL,1,Virginia Beach-Norfolk-Newport News; VA-NC
movesdb20241112,51720,51,Norton city,L,0,28.566,NULL,0,Non-MSA
movesdb20241112,51730,51,Petersburg city,L,0,29.861,NULL,1,Richmond; VA
movesdb20241112,51735,51,Poquoson city,L,0,30.006,NULL,1,Virginia Beach-Norfolk-Newport News; VA-NC
movesdb20241112,51740,51,Portsmouth city,L,0,29.994,NULL,1,Virginia Beach-Norfolk-Newport News; VA-NC
movesdb20241112,51750,51,Radford city,L,0,27.974,NULL,1,Blacksburg-Christiansburg-Radford; VA
movesdb20241112,51760,51,Richmond city,L,0,29.837,NULL,1,Richmond; VA
movesdb20241112,51770,51,Roanoke city,L,0,28.617,NULL,1,Roanoke; VA
movesdb20241112,51775,51,Salem city,L,0,28.497,NULL,1,Roanoke; VA
movesdb20241112,51790,51,Staunton city,L,0,28.632,NULL,1,Staunton-Waynesboro; VA
movesdb20241112,51800,51,Suffolk city,L,0,29.969,NULL,1,Virginia Beach-Norfolk-Newport News; VA-NC
movesdb20241112,51810,51,Virginia Beach city,L,0,29.995,NULL,1,Virginia Beach-Norfolk-Newport News; VA-NC
movesdb20241112,51820,51,Waynesboro city,L,0,28.955,NULL,1,Staunton-Waynesboro; VA
movesdb20241112,51830,51,Williamsburg city,L,0,29.944,NULL,1,Virginia Beach-Norfolk-Newport News; VA-NC
movesdb20241112,51840,51,Winchester city,L,0,29.252,NULL,1,Winchester; VA-WV
movesdb20241112,53001,53,Adams County,L,1,28.692,NULL,0,Non-MSA
movesdb20241112,53003,53,Asotin County,L,1,28.045,NULL,1,Lewiston; ID-WA
movesdb20241112,53005,53,Benton County,L,1,29.386,NULL,1,Kennewick-Richland; WA
movesdb20241112,53007,53,Chelan County,L,1,28.22,NULL,1,Wenatchee; WA
movesdb20241112,53009,53,Clallam County,L,0,29.813,NULL,0,Non-MSA
movesdb20241112,53011,53,Clark County,L,0,29.959,NULL,1,Portland-Vancouver-Hillsboro; OR-WA
movesdb20241112,53013,53,Columbia County,L,1,28.529,NULL,1,Walla Walla; WA
movesdb20241112,53015,53,Cowlitz County,L,0,29.825,NULL,1,Longview; WA
movesdb20241112,53017,53,Douglas County,L,1,28.431,NULL,1,Wenatchee; WA
movesdb20241112,53019,53,Ferry County,L,1,28.333,NULL,0,Non-MSA
movesdb20241112,53021,53,Franklin County,L,1,29.306,NULL,1,Kennewick-Richland; WA
movesdb20241112,53023,53,Garfield County,L,1,27.995,NULL,0,Non-MSA
movesdb20241112,53025,53,Grant County,L,1,28.682,NULL,0,Non-MSA
movesdb20241112,53027,53,Grays Harbor County,L,0,29.876,NULL,0,Non-MSA
movesdb20241112,53029,53,Island County,L,0,29.821,NULL,0,Non-MSA
movesdb20241112,53031,53,Jefferson County,L,0,29.771,NULL,0,Non-MSA
movesdb20241112,53033,53,King County,L,0,29.422,NULL,1,Seattle-Tacoma-Bellevue; WA
movesdb20241112,53035,53,Kitsap County,L,0,29.577,NULL,1,Bremerton-Silverdale; WA
movesdb20241112,53037,53,Kittitas County,L,1,27.794,NULL,0,Non-MSA
movesdb20241112,53039,53,Klickitat County,L,1,29.3,NULL,0,Non-MSA
movesdb20241112,53041,53,Lewis County,L,0,29.833,NULL,0,Non-MSA
movesdb20241112,53043,53,Lincoln County,L,1,28.319,NULL,0,Non-MSA
movesdb20241112,53045,53,Mason County,L,0,29.791,NULL,0,Non-MSA
movesdb20241112,53047,53,Okanogan County,L,1,28.649,NULL,0,Non-MSA
movesdb20241112,53049,53,Pacific County,L,0,30.033,NULL,0,Non-MSA
movesdb20241112,53051,53,Pend Oreille County,L,1,27.488,NULL,1,Spokane-Spokane Valley; WA
movesdb20241112,53053,53,Pierce County,L,0,29.745,NULL,1,Seattle-Tacoma-Bellevue; WA
movesdb20241112,53055,53,San Juan County,L,0,29.902,NULL,0,Non-MSA
movesdb20241112,53057,53,Skagit County,L,0,29.872,NULL,1,Mount Vernon-Anacortes; WA
movesdb20241112,53059,53,Skamania County,L,0,29.497,NULL,1,Portland-Vancouver-Hillsboro; OR-WA
movesdb20241112,53061,53,Snohomish County,L,0,29.349,NULL,1,Seattle-Tacoma-Bellevue; WA
movesdb20241112,53063,53,Spokane County,L,1,27.77,NULL,1,Spokane-Spokane Valley; WA
movesdb20241112,53065,53,Stevens County,L,1,27.951,NULL,1,Spokane-Spokane Valley; WA
movesdb20241112,53067,53,Thurston County,L,0,29.778,NULL,1,Olympia-Tumwater; WA
movesdb20241112,53069,53,Wahkiakum County,L,0,30.037,NULL,0,Non-MSA
movesdb20241112,53071,53,Walla Walla County,L,1,28.751,NULL,1,Walla Walla; WA
movesdb20241112,53073,53,Whatcom County,L,0,29.862,NULL,1,Bellingham; WA
movesdb20241112,53075,53,Whitman County,L,1,27.613,NULL,0,Non-MSA
movesdb20241112,53077,53,Yakima County,L,1,28.772,NULL,1,Yakima; WA
movesdb20241112,54001,54,Barbour County,L,0,28.784,NULL,0,Non-MSA
movesdb20241112,54003,54,Berkeley County,L,0,29.273,NULL,1,Hagerstown-Martinsburg; MD-WV
movesdb20241112,54005,54,Boone County,L,0,28.875,NULL,1,Charleston; WV
movesdb20241112,54007,54,Braxton County,L,0,28.768,NULL,0,Non-MSA
movesdb20241112,54009,54,Brooke County,L,0,28.81,NULL,1,Weirton-Steubenville; WV-OH
movesdb20241112,54011,54,Cabell County,L,0,29.149,NULL,1,Huntington-Ashland; WV-KY-OH
movesdb20241112,54013,54,Calhoun County,L,0,28.976,NULL,0,Non-MSA
movesdb20241112,54015,54,Clay County,L,0,28.911,NULL,1,Charleston; WV
movesdb20241112,54017,54,Doddridge County,L,0,28.983,NULL,0,Non-MSA
movesdb20241112,54019,54,Fayette County,L,0,28.612,NULL,1,Beckley; WV
movesdb20241112,54021,54,Gilmer County,L,0,28.975,NULL,0,Non-MSA
movesdb20241112,54023,54,Grant County,L,0,28.652,NULL,0,Non-MSA
movesdb20241112,54025,54,Greenbrier County,L,0,28.157,NULL,0,Non-MSA
movesdb20241112,54027,54,Hampshire County,L,0,28.744,NULL,1,Winchester; VA-WV
movesdb20241112,54029,54,Hancock County,L,0,28.832,NULL,1,Weirton-Steubenville; WV-OH
movesdb20241112,54031,54,Hardy County,L,0,28.693,NULL,0,Non-MSA
movesdb20241112,54033,54,Harrison County,L,0,28.809,NULL,0,Non-MSA
movesdb20241112,54035,54,Jackson County,L,0,29.062,NULL,0,Non-MSA
movesdb20241112,54037,54,Jefferson County,L,0,29.372,NULL,1,Washington-Arlington-Alexandria; DC-VA-MD-WV
movesdb20241112,54039,54,Kanawha County,L,0,28.949,NULL,1,Charleston; WV
movesdb20241112,54041,54,Lewis County,L,0,28.829,NULL,0,Non-MSA
movesdb20241112,54043,54,Lincoln County,L,0,29.041,NULL,1,Huntington-Ashland; WV-KY-OH
movesdb20241112,54045,54,Logan County,L,0,28.625,NULL,0,Non-MSA
movesdb20241112,54047,54,McDowell County,L,0,27.75,NULL,0,Non-MSA
movesdb20241112,54049,54,Marion County,L,0,28.805,NULL,0,Non-MSA
movesdb20241112,54051,54,Marshall County,L,0,28.874,NULL,1,Wheeling; WV-OH
movesdb20241112,54053,54,Mason County,L,0,29.09,NULL,0,Non-MSA
movesdb20241112,54055,54,Mercer County,L,0,27.394,NULL,0,Non-MSA
movesdb20241112,54057,54,Mineral County,L,0,28.631,NULL,1,Cumberland; MD-WV
movesdb20241112,54059,54,Mingo County,L,0,28.781,NULL,0,Non-MSA
movesdb20241112,54061,54,Monongalia County,L,0,28.725,NULL,1,Morgantown; WV
movesdb20241112,54063,54,Monroe County,L,0,28.056,NULL,0,Non-MSA
movesdb20241112,54065,54,Morgan County,L,0,28.67,NULL,0,Non-MSA
movesdb20241112,54067,54,Nicholas County,L,0,28.71,NULL,0,Non-MSA
movesdb20241112,54069,54,Ohio County,L,0,28.832,NULL,1,Wheeling; WV-OH
movesdb20241112,54071,54,Pendleton County,L,0,28.165,NULL,0,Non-MSA
movesdb20241112,54073,54,Pleasants County,L,0,29.117,NULL,0,Non-MSA
movesdb20241112,54075,54,Pocahontas County,L,0,28.377,NULL,0,Non-MSA
movesdb20241112,54077,54,Preston County,L,0,28.727,NULL,1,Morgantown; WV
movesdb20241112,54079,54,Putnam County,L,0,29.007,NULL,1,Huntington-Ashland; WV-KY-OH
movesdb20241112,54081,54,Raleigh County,L,0,28.111,NULL,1,Beckley; WV
movesdb20241112,54083,54,Randolph County,L,0,28.551,NULL,0,Non-MSA
movesdb20241112,54085,54,Ritchie County,L,0,29.135,NULL,0,Non-MSA
movesdb20241112,54087,54,Roane County,L,0,29.031,NULL,0,Non-MSA
movesdb20241112,54089,54,Summers County,L,0,27.862,NULL,0,Non-MSA
movesdb20241112,54091,54,Taylor County,L,0,28.789,NULL,0,Non-MSA
movesdb20241112,54093,54,Tucker County,L,0,28.678,NULL,0,Non-MSA
movesdb20241112,54095,54,Tyler County,L,0,29.051,NULL,0,Non-MSA
movesdb20241112,54097,54,Upshur County,L,0,28.741,NULL,0,Non-MSA
movesdb20241112,54099,54,Wayne County,L,0,29.172,NULL,1,Huntington-Ashland; WV-KY-OH
movesdb20241112,54101,54,Webster County,L,0,28.623,NULL,0,Non-MSA
movesdb20241112,54103,54,Wetzel County,L,0,28.934,NULL,0,Non-MSA
movesdb20241112,54105,54,Wirt County,L,0,29.125,NULL,1,Parkersburg-Vienna; WV
movesdb20241112,54107,54,Wood County,L,0,29.138,NULL,1,Parkersburg-Vienna; WV
movesdb20241112,54109,54,Wyoming County,L,0,27.913,NULL,0,Non-MSA
movesdb20241112,55001,55,Adams County,L,0,28.943,NULL,0,Non-MSA
movesdb20241112,55003,55,Ashland County,L,0,29.072,NULL,0,Non-MSA
movesdb20241112,55005,55,Barron County,L,0,28.826,NULL,0,Non-MSA
movesdb20241112,55007,55,Bayfield County,L,0,28.808,NULL,0,Non-MSA
movesdb20241112,55009,55,Brown County,L,0,29.226,NULL,1,Green Bay; WI
movesdb20241112,55011,55,Buffalo County,L,0,29.009,NULL,0,Non-MSA
movesdb20241112,55013,55,Burnett County,L,0,28.684,NULL,0,Non-MSA
movesdb20241112,55015,55,Calumet County,L,0,29.216,NULL,1,Appleton; WI
movesdb20241112,55017,55,Chippewa County,L,0,28.884,NULL,1,Eau Claire; WI
movesdb20241112,55019,55,Clark County,L,0,28.814,NULL,0,Non-MSA
movesdb20241112,55021,55,Columbia County,L,0,29.096,NULL,1,Madison; WI
movesdb20241112,55023,55,Crawford County,L,0,29.198,NULL,0,Non-MSA
movesdb20241112,55025,55,Dane County,L,0,29.1,NULL,1,Madison; WI
movesdb20241112,55027,55,Dodge County,L,0,29.14,NULL,0,Non-MSA
movesdb20241112,55029,55,Door County,L,0,29.065,NULL,0,Non-MSA
movesdb20241112,55031,55,Douglas County,L,0,28.472,NULL,1,Duluth; MN-WI
movesdb20241112,55033,55,Dunn County,L,0,28.967,NULL,0,Non-MSA
movesdb20241112,55035,55,Eau Claire County,L,0,28.976,NULL,1,Eau Claire; WI
movesdb20241112,55037,55,Florence County,L,0,28.744,NULL,0,Non-MSA
movesdb20241112,55039,55,Fond du Lac County,L,0,29.127,NULL,1,Fond du Lac; WI
movesdb20241112,55041,55,Forest County,L,0,28.592,NULL,0,Non-MSA
movesdb20241112,55043,55,Grant County,L,0,29.222,NULL,0,Non-MSA
movesdb20241112,55045,55,Green County,L,0,29.162,NULL,1,Madison; WI
movesdb20241112,55047,55,Green Lake County,L,0,29.047,NULL,0,Non-MSA
movesdb20241112,55049,55,Iowa County,L,0,29.248,NULL,1,Madison; WI
movesdb20241112,55051,55,Iron County,L,0,29.035,NULL,0,Non-MSA
movesdb20241112,55053,55,Jackson County,L,0,28.96,NULL,0,Non-MSA
movesdb20241112,55055,55,Jefferson County,L,0,29.129,NULL,0,Non-MSA
movesdb20241112,55057,55,Juneau County,L,0,28.977,NULL,0,Non-MSA
movesdb20241112,55059,55,Kenosha County,L,0,29.265,NULL,1,Chicago-Naperville-Elgin; IL-IN-WI
movesdb20241112,55061,55,Kewaunee County,L,0,29.163,NULL,1,Green Bay; WI
movesdb20241112,55063,55,La Crosse County,L,0,29.133,NULL,1,La Crosse-Onalaska; WI-MN
movesdb20241112,55065,55,Lafayette County,L,0,29.132,NULL,0,Non-MSA
movesdb20241112,55067,55,Langlade County,L,0,28.386,NULL,0,Non-MSA
movesdb20241112,55069,55,Lincoln County,L,0,28.453,NULL,0,Non-MSA
movesdb20241112,55071,55,Manitowoc County,L,0,29.226,NULL,0,Non-MSA
movesdb20241112,55073,55,Marathon County,L,0,28.66,NULL,1,Wausau; WI
movesdb20241112,55075,55,Marinette County,L,0,28.788,NULL,0,Non-MSA
movesdb20241112,55077,55,Marquette County,L,0,29.017,NULL,0,Non-MSA
movesdb20241112,55078,55,Menominee County,L,0,28.774,NULL,0,Non-MSA
movesdb20241112,55079,55,Milwaukee County,L,0,29.206,NULL,1,Milwaukee-Waukesha-West Allis; WI
movesdb20241112,55081,55,Monroe County,L,0,29.03,NULL,0,Non-MSA
movesdb20241112,55083,55,Oconto County,L,0,28.833,NULL,1,Green Bay; WI
movesdb20241112,55085,55,Oneida County,L,0,28.51,NULL,0,Non-MSA
movesdb20241112,55087,55,Outagamie County,L,0,29.145,NULL,1,Appleton; WI
movesdb20241112,55089,55,Ozaukee County,L,0,29.193,NULL,1,Milwaukee-Waukesha-West Allis; WI
movesdb20241112,55091,55,Pepin County,L,0,29.006,NULL,0,Non-MSA
movesdb20241112,55093,55,Pierce County,L,0,29.065,NULL,1,Minneapolis-St. Paul-Bloomington; MN-WI
movesdb20241112,55095,55,Polk County,L,0,28.884,NULL,0,Non-MSA
movesdb20241112,55097,55,Portage County,L,0,28.75,NULL,0,Non-MSA
movesdb20241112,55099,55,Price County,L,0,28.811,NULL,0,Non-MSA
movesdb20241112,55101,55,Racine County,L,0,29.246,NULL,1,Racine; WI
movesdb20241112,55103,55,Richland County,L,0,29.252,NULL,0,Non-MSA
movesdb20241112,55105,55,Rock County,L,0,29.161,NULL,1,Janesville-Beloit; WI
movesdb20241112,55107,55,Rusk County,L,0,28.797,NULL,0,Non-MSA
movesdb20241112,55109,55,St. Croix County,L,0,29.044,NULL,1,Minneapolis-St. Paul-Bloomington; MN-WI
movesdb20241112,55111,55,Sauk County,L,0,29.182,NULL,0,Non-MSA
movesdb20241112,55113,55,Sawyer County,L,0,28.704,NULL,0,Non-MSA
movesdb20241112,55115,55,Shawano County,L,0,28.806,NULL,0,Non-MSA
movesdb20241112,55117,55,Sheboygan County,L,0,29.187,NULL,1,Sheboygan; WI
movesdb20241112,55119,55,Taylor County,L,0,28.723,NULL,0,Non-MSA
movesdb20241112,55121,55,Trempealeau County,L,0,29.019,NULL,0,Non-MSA
movesdb20241112,55123,55,Vernon County,L,0,29.238,NULL,0,Non-MSA
movesdb20241112,55125,55,Vilas County,L,0,28.742,NULL,0,Non-MSA
movesdb20241112,55127,55,Walworth County,L,0,29.179,NULL,0,Non-MSA
movesdb20241112,55129,55,Washburn County,L,0,28.701,NULL,0,Non-MSA
movesdb20241112,55131,55,Washington County,L,0,29.162,NULL,1,Milwaukee-Waukesha-West Allis; WI
movesdb20241112,55133,55,Waukesha County,L,0,29.195,NULL,1,Milwaukee-Waukesha-West Allis; WI
movesdb20241112,55135,55,Waupaca County,L,0,28.844,NULL,0,Non-MSA
movesdb20241112,55137,55,Waushara County,L,0,28.935,NULL,0,Non-MSA
movesdb20241112,55139,55,Winnebago County,L,0,29.118,NULL,1,Oshkosh-Neenah; WI
movesdb20241112,55141,55,Wood County,L,0,28.69,NULL,0,Non-MSA
movesdb20241112,56001,56,Albany County,L,1,23.403,NULL,0,Non-MSA
movesdb20241112,56003,56,Big Horn County,L,1,25.926,NULL,0,Non-MSA
movesdb20241112,56005,56,Campbell County,L,1,25.548,NULL,0,Non-MSA
movesdb20241112,56007,56,Carbon County,L,1,23.589,NULL,0,Non-MSA
movesdb20241112,56009,56,Converse County,L,1,24.988,NULL,0,Non-MSA
movesdb20241112,56011,56,Crook County,L,1,25.905,NULL,0,Non-MSA
movesdb20241112,56013,56,Fremont County,L,1,24.504,NULL,0,Non-MSA
movesdb20241112,56015,56,Goshen County,L,1,25.646,NULL,0,Non-MSA
movesdb20241112,56017,56,Hot Springs County,L,1,25.299,NULL,0,Non-MSA
movesdb20241112,56019,56,Johnson County,L,1,25.119,NULL,0,Non-MSA
movesdb20241112,56021,56,Laramie County,L,1,23.94,NULL,1,Cheyenne; WY
movesdb20241112,56023,56,Lincoln County,L,1,23.962,NULL,0,Non-MSA
movesdb20241112,56025,56,Natrona County,L,1,24.808,NULL,1,Casper; WY
movesdb20241112,56027,56,Niobrara County,L,1,25.322,NULL,0,Non-MSA
movesdb20241112,56029,56,Park County,L,1,25.051,NULL,0,Non-MSA
movesdb20241112,56031,56,Platte County,L,1,24.987,NULL,0,Non-MSA
movesdb20241112,56033,56,Sheridan County,L,1,26.009,NULL,0,Non-MSA
movesdb20241112,56035,56,Sublette County,L,1,23.68,NULL,0,Non-MSA
movesdb20241112,56037,56,Sweetwater County,L,1,23.586,NULL,0,Non-MSA
movesdb20241112,56039,56,Teton County,L,1,24.189,NULL,0,Non-MSA
movesdb20241112,56041,56,Uinta County,L,1,23.752,NULL,0,Non-MSA
movesdb20241112,56043,56,Washakie County,L,1,25.684,NULL,0,Non-MSA
movesdb20241112,56045,56,Weston County,L,1,25.681,NULL,0,Non-MSA
movesdb20241112,72153,72,Yauco Municipio,L,0,29.966,NULL,0,Non-MSA
movesdb20241112,72151,72,Yabucoa Municipio,L,0,29.966,NULL,0,Non-MSA
movesdb20241112,72149,72,Villalba Municipio,L,0,29.966,NULL,1,"Ponce, PR Metropolitan Statistical Area"
movesdb20241112,72147,72,Vieques Municipio,L,0,29.964,NULL,0,Non-MSA
movesdb20241112,72145,72,Vega Baja Municipio,L,0,29.954,NULL,1,"San Juan-Carolina-Caguas, PR Metropolitan Statistical Area"
movesdb20241112,72143,72,Vega Alta Municipio,L,0,29.954,NULL,1,"San Juan-Carolina-Caguas, PR Metropolitan Statistical Area"
movesdb20241112,72141,72,Utuado Municipio,L,0,29.954,NULL,0,Non-MSA
movesdb20241112,72139,72,Trujillo Alto Municipio,L,0,29.954,NULL,1,"San Juan-Carolina-Caguas, PR Metropolitan Statistical Area"
movesdb20241112,72137,72,Toa Baja Municipio,L,0,29.954,NULL,1,"San Juan-Carolina-Caguas, PR Metropolitan Statistical Area"
movesdb20241112,72135,72,Toa Alta Municipio,L,0,29.954,NULL,1,"San Juan-Carolina-Caguas, PR Metropolitan Statistical Area"
movesdb20241112,72133,72,Santa Isabel Municipio,L,0,29.966,NULL,0,Non-MSA
movesdb20241112,72131,72,San Sebastian Municipio,L,0,29.954,NULL,1,"Aguadilla-Isabela-San Sabastian, PR Metropolitan Statistical Area"
movesdb20241112,72129,72,San Lorenzo Municipio,L,0,29.966,NULL,1,"San Juan-Carolina-Caguas, PR Metropolitan Statistical Area"
movesdb20241112,72127,72,San Juan Municipio,L,0,29.954,NULL,1,"San Juan-Carolina-Caguas, PR Metropolitan Statistical Area"
movesdb20241112,72125,72,San German Municipio,L,0,29.966,NULL,1,"San Germán-Cabo Rojo, PR Metropolitan Statistical Area"
movesdb20241112,72123,72,Salinas Municipio,L,0,29.966,NULL,0,Non-MSA
movesdb20241112,72121,72,Sabana Grande Municipio,L,0,29.966,NULL,0,Non-MSA
movesdb20241112,72119,72,Rio Grande Municipio,L,0,29.954,NULL,1,"San Juan-Carolina-Caguas, PR Metropolitan Statistical Area"
movesdb20241112,72117,72,Rincon Municipio,L,0,29.954,NULL,0,Non-MSA
movesdb20241112,72115,72,Quebradillas Municipio,L,0,29.954,NULL,1,"San Juan-Carolina-Caguas, PR Metropolitan Statistical Area"
movesdb20241112,72113,72,Ponce Municipio,L,0,29.966,NULL,1,"Ponce, PR Metropolitan Statistical Area"
movesdb20241112,72111,72,Penuelas Municipio,L,0,29.966,NULL,0,Non-MSA
movesdb20241112,72109,72,Patillas Municipio,L,0,29.966,NULL,1,"Guayama, PR Metropolitan Statistical Area"
movesdb20241112,72107,72,Orocovis Municipio,L,0,29.954,NULL,1,"San Juan-Carolina-Caguas, PR Metropolitan Statistical Area"
movesdb20241112,72105,72,Naranjito Municipio,L,0,29.954,NULL,1,"San Juan-Carolina-Caguas, PR Metropolitan Statistical Area"
movesdb20241112,72103,72,Naguabo Municipio,L,0,29.954,NULL,1,"San Juan-Carolina-Caguas, PR Metropolitan Statistical Area"
movesdb20241112,72101,72,Morovis Municipio,L,0,29.954,NULL,1,"San Juan-Carolina-Caguas, PR Metropolitan Statistical Area"
movesdb20241112,72099,72,Moca Municipio,L,0,29.954,NULL,0,Non-MSA
movesdb20241112,72097,72,Mayaguez Municipio,L,0,29.954,NULL,1,"Mayagüez, PR Metropolitan Statistical Area"
movesdb20241112,72095,72,Maunabo Municipio,L,0,29.966,NULL,1,"San Juan-Carolina-Caguas, PR Metropolitan Statistical Area"
movesdb20241112,72093,72,Maricao Municipio,L,0,29.966,NULL,0,Non-MSA
movesdb20241112,72091,72,Manati Municipio,L,0,29.954,NULL,1,"San Juan-Carolina-Caguas, PR Metropolitan Statistical Area"
movesdb20241112,72089,72,Luquillo Municipio,L,0,29.954,NULL,0,Non-MSA
movesdb20241112,72087,72,Loiza Municipio,L,0,29.954,NULL,1,"San Juan-Carolina-Caguas, PR Metropolitan Statistical Area"
movesdb20241112,72085,72,Las Piedras Municipio,L,0,29.966,NULL,1,"San Juan-Carolina-Caguas, PR Metropolitan Statistical Area"
movesdb20241112,72083,72,Las Marias Municipio,L,0,29.954,NULL,0,Non-MSA
movesdb20241112,72081,72,Lares Municipio,L,0,29.954,NULL,0,Non-MSA
movesdb20241112,72079,72,Lajas Municipio,L,0,29.966,NULL,0,Non-MSA
movesdb20241112,72077,72,Juncos Municipio,L,0,29.954,NULL,1,"San Juan-Carolina-Caguas, PR Metropolitan Statistical Area"
movesdb20241112,72075,72,Juana Diaz Municipio,L,0,29.966,NULL,1,"Ponce, PR Metropolitan Statistical Area"
movesdb20241112,72073,72,Jayuya Municipio,L,0,29.954,NULL,0,Non-MSA
movesdb20241112,72071,72,Isabela Municipio,L,0,29.954,NULL,1,"Aguadilla-Isabela-San Sabastian, PR Metropolitan Statistical Area"
movesdb20241112,72069,72,Humacao Municipio,L,0,29.966,NULL,1,"San Juan-Carolina-Caguas, PR Metropolitan Statistical Area"
movesdb20241112,72067,72,Hormigueros Municipio,L,0,29.966,NULL,1,"Mayagüez, PR Metropolitan Statistical Area"
movesdb20241112,72065,72,Hatillo Municipio,L,0,29.954,NULL,1,"San Juan-Carolina-Caguas, PR Metropolitan Statistical Area"
movesdb20241112,72063,72,Gurabo Municipio,L,0,29.954,NULL,1,"San Juan-Carolina-Caguas, PR Metropolitan Statistical Area"
movesdb20241112,72061,72,Guaynabo Municipio,L,0,29.954,NULL,1,"San Juan-Carolina-Caguas, PR Metropolitan Statistical Area"
movesdb20241112,72059,72,Guayanilla Municipio,L,0,29.966,NULL,0,Non-MSA
movesdb20241112,72057,72,Guayama Municipio,L,0,29.966,NULL,1,"Guayama, PR Metropolitan Statistical Area"
movesdb20241112,72055,72,Guanica Municipio,L,0,29.966,NULL,0,Non-MSA
movesdb20241112,72054,72,Florida Municipio,L,0,29.954,NULL,1,"San Juan-Carolina-Caguas, PR Metropolitan Statistical Area"
movesdb20241112,72053,72,Fajardo Municipio,L,0,29.954,NULL,0,Non-MSA
movesdb20241112,72051,72,Dorado Municipio,L,0,29.954,NULL,1,"San Juan-Carolina-Caguas, PR Metropolitan Statistical Area"
movesdb20241112,72049,72,Culebra Municipio,L,0,29.964,NULL,0,Non-MSA
movesdb20241112,72047,72,Corozal Municipio,L,0,29.954,NULL,1,"San Juan-Carolina-Caguas, PR Metropolitan Statistical Area"
movesdb20241112,72045,72,Comerio Municipio,L,0,29.954,NULL,1,"San Juan-Carolina-Caguas, PR Metropolitan Statistical Area"
movesdb20241112,72043,72,Coamo Municipio,L,0,29.966,NULL,0,Non-MSA
movesdb20241112,72041,72,Cidra Municipio,L,0,29.966,NULL,1,"San Juan-Carolina-Caguas, PR Metropolitan Statistical Area"
movesdb20241112,72039,72,Ciales Municipio,L,0,29.954,NULL,1,"San Juan-Carolina-Caguas, PR Metropolitan Statistical Area"
movesdb20241112,72037,72,Ceiba Municipio,L,0,29.954,NULL,0,Non-MSA
movesdb20241112,72035,72,Cayey Municipio,L,0,29.966,NULL,1,"San Juan-Carolina-Caguas, PR Metropolitan Statistical Area"
movesdb20241112,72033,72,Catano Municipio,L,0,29.954,NULL,1,"San Juan-Carolina-Caguas, PR Metropolitan Statistical Area"
movesdb20241112,72031,72,Carolina Municipio,L,0,29.954,NULL,1,"San Juan-Carolina-Caguas, PR Metropolitan Statistical Area"
movesdb20241112,72029,72,Canovanas Municipio,L,0,29.954,NULL,1,"San Juan-Carolina-Caguas, PR Metropolitan Statistical Area"
movesdb20241112,72027,72,Camuy Municipio,L,0,29.954,NULL,1,"San Juan-Carolina-Caguas, PR Metropolitan Statistical Area"
movesdb20241112,72025,72,Caguas Municipio,L,0,29.954,NULL,1,"San Juan-Carolina-Caguas, PR Metropolitan Statistical Area"
movesdb20241112,72023,72,Cabo Rojo Municipio,L,0,29.966,NULL,1,"San Germán-Cabo Rojo, PR Metropolitan Statistical Area"
movesdb20241112,72021,72,Bayamo'n Municipio,L,0,29.954,NULL,1,"San Juan-Carolina-Caguas, PR Metropolitan Statistical Area"
movesdb20241112,72019,72,Barranquitas Municipio,L,0,29.954,NULL,1,"San Juan-Carolina-Caguas, PR Metropolitan Statistical Area"
movesdb20241112,72017,72,Barceloneta Municipio,L,0,29.954,NULL,1,"San Juan-Carolina-Caguas, PR Metropolitan Statistical Area"
movesdb20241112,72015,72,Arroyo Municipio,L,0,29.966,NULL,1,"Guayama, PR Metropolitan Statistical Area"
movesdb20241112,72013,72,Arecibo Municipio,L,0,29.954,NULL,1,"Arecibo, PR Metropolitan Statistical Area"
movesdb20241112,72011,72,Anasco Municipio,L,0,29.954,NULL,0,Non-MSA
movesdb20241112,72009,72,Aibonito Municipio,L,0,29.966,NULL,1,"San Juan-Carolina-Caguas, PR Metropolitan Statistical Area"
movesdb20241112,72007,72,Aguas Buenas Municipio,L,0,29.954,NULL,1,"San Juan-Carolina-Caguas, PR Metropolitan Statistical Area"
movesdb20241112,72005,72,Aguadilla Municipio,L,0,29.954,NULL,1,"Aguadilla-Isabela-San Sabastian, PR Metropolitan Statistical Area"
movesdb20241112,72003,72,Aguada Municipio,L,0,29.954,NULL,0,Non-MSA
movesdb20241112,72001,72,Adjuntas Municipio,L,0,29.966,NULL,0,Non-MSA
movesdb20241112,78030,78,St. Thomas,L,0,29.954,NULL,0,Non-MSA
movesdb20241112,78020,78,St. John,L,0,29.954,NULL,0,Non-MSA
movesdb20241112,78010,78,St. Croix,L,0,29.972,NULL,0,Non-MSA
movesdb20241112,8014,8,Broomfield County,H,1,23.679,NULL,1,Denver-Aurora-Lakewood; CO
movesdb20241112,2198,2,Prince of Wales-Hyder Census Area,L,1,29.879,NULL,0,Non-MSA
movesdb20241112,2105,2,Hoonah-Angoon Census Area,L,1,29.89,NULL,0,Non-MSA
movesdb20241112,2195,2,Petersburg Borough,L,1,29.881,NULL,0,Non-MSA
movesdb20241112,2230,2,Skagway Borough,L,1,29.89,NULL,0,Non-MSA
movesdb20241112,2275,2,Wrangell City and Borough,L,1,29.881,NULL,0,Non-MSA
movesdb20241112,46102,46,Oglala Lakota County,L,1,26.299,NULL,0,Non-MSA
movesdb20241112,2158,2,Kusilvak Census Area,L,1,29.672,NULL,0,Non-MSA
movesdb20241112,2063,2,Chugach Census Area,L,1,28.643,NULL,0,Non-MSA
movesdb20241112,2066,2,Copper River Census Area,L,1,28.643,NULL,0,Non-MSA
